agent,month,saldo_start_1c,saldo_end_1c,movement_1c,act_internal_delta,etm_balance_start,etm_balance_end,movement_etm,gap_start,gap_end,gap_change,identity_expected,identity_residual,jump_in_1c_saldo,continuity_break
Ak-Bulak Voyage,2026-01,0.0,-398788.25,-398788.25,0.0,0.0,398781.32999999996,398781.32999999996,0.0,-6.9200000000419095,-6.9200000000419095,-6.9200000000419095,0.0,0.0,False
Ak-Bulak Voyage,2026-03,102299.63,-162591.5,-264891.13,0.0,-103591.34999999998,724099.78,827691.13,-1291.719999999972,561508.28,562800.0,562800.0,0.0,501087.88,False
Ak-Bulak Voyage,2026-04,-162591.5,-253907.41,-91315.90999999999,-2.9103830456733704e-11,724099.78,815415.6900000001,91315.91000000003,561508.28,561508.28,0.0,1.4551915228366852e-11,-1.4551915228366852e-11,0.0,False
Ak-Bulak Voyage,2026-05,-253907.41,-610056.98,-356149.57000000007,1.1641532182693481e-10,815415.6899999997,1171565.2599999998,356149.57,561508.2799999997,561508.2799999998,1.1641532182693481e-10,5.820766091346741e-11,5.820766091346741e-11,0.0,False
Ak-Bulak Voyage,2026-06,-610056.98,-326732.13,283324.85,0.0,1171565.2599999998,888240.4099999998,-283324.85,561508.2799999998,561508.2799999998,0.0,0.0,0.0,0.0,False
Ak-Bulak Voyage,2026-07,-326732.13,-377925.16,-51193.03000000003,5.820766091346741e-11,888240.4100000001,939433.4400000001,51193.02999999997,561508.2800000001,561508.28,-1.1641532182693481e-10,0.0,-1.1641532182693481e-10,0.0,False
Ala-Too Travel,2026-01,0.0,-147353.8,-147353.8,0.0,-3233430.48,-3086076.68,147353.80000000002,-3233430.48,-3233430.48,0.0,2.9103830456733704e-11,-2.9103830456733704e-11,0.0,False
Ala-Too Travel,2026-02,-147353.8,-266377.05,-119023.25,0.0,-3086076.68,-2967053.43,119023.25,-3233430.48,-3233430.48,0.0,0.0,0.0,0.0,False
Ala-Too Travel,2026-03,-266377.05,-1072376.21,-805999.1599999999,0.0,-2967053.4299999997,-2161054.27,805999.1599999999,-3233430.4799999995,-3233430.48,-4.656612873077393e-10,0.0,-4.656612873077393e-10,0.0,False
Ala-Too Travel,2026-04,-1072376.21,-1004260.13,68116.08000000002,-1.1641532182693481e-10,-2161054.2699999996,-2229170.3499999996,-68116.08000000002,-3233430.4799999995,-3233430.4799999995,0.0,-1.1641532182693481e-10,1.1641532182693481e-10,0.0,False
Ala-Too Travel,2026-05,-1004260.13,-563010.87,441249.26,0.0,-2229170.3499999996,-2670419.61,-441249.26,-3233430.4799999995,-3233430.48,-4.656612873077393e-10,0.0,-4.656612873077393e-10,0.0,False
Ala-Too Travel,2026-06,-563010.87,-434234.69,128776.18,0.0,-2670419.6100000003,-2831462.33,-161042.71999999997,-3233430.4800000004,-3265697.02,-32266.53999999957,-32266.53999999998,4.0745362639427185e-10,0.0,False
Ala-Too Travel,2026-07,-434234.69,20493.07,454727.76,-7.275957614183426e-12,-2831462.33,-3337800.6,-506338.26999999996,-3265697.02,-3317307.5300000003,-51610.51000000024,-51610.50999999995,-2.9103830456733704e-10,0.0,False
Aylana Tour,2026-01,0.0,371506.63,371506.63,0.0,-155441.16000000003,-531071.4,-375630.24,-155441.16000000003,-159564.77000000002,-4123.609999999986,-4123.609999999986,0.0,0.0,False
Aylana Tour,2026-02,371506.63,-1082647.77,-1454154.4000000001,0.0,-531071.3999999998,923083.0000000001,1454154.4,-159564.7699999998,-159564.7699999999,-1.1641532182693481e-10,-2.3283064365386963e-10,1.1641532182693481e-10,0.0,False
Aylana Tour,2026-03,-1055147.77,-1366718.54,-311570.77,0.0,923082.9999999998,1224453.7699999998,301370.76999999996,-132064.77000000025,-142264.77000000025,-10200.0,-10200.000000000058,5.820766091346741e-11,27500.0,True
Aylana Tour,2026-04,-1366718.54,-1266818.21,99900.33000000002,0.0,1224453.77,1098666.18,-125787.59000000003,-142264.77000000002,-168152.03000000003,-25887.26000000001,-25887.26000000001,0.0,0.0,False
Aylana Tour,2026-05,-1266818.21,-451883.26,814934.95,0.0,1098666.18,242312.96,-856353.22,-168152.03000000003,-209570.30000000002,-41418.26999999999,-41418.27000000002,2.9103830456733704e-11,0.0,False
Aylana Tour,2026-06,-451883.26,-1044280.14,-592396.8799999999,-1.1641532182693481e-10,242312.96000000002,259009.83999999988,16696.879999999845,-209570.3,-785270.3000000002,-575700.0000000002,-575700.0000000001,-1.1641532182693481e-10,0.0,False
Aylana Tour,2026-07,-1044280.14,-1098766.32,-54486.180000000015,0.0,259009.83999999965,-196305.07000000027,-455314.9099999999,-785270.3000000004,-1295071.3900000004,-509801.08999999997,-509801.0899999999,-5.820766091346741e-11,0.0,False
Bishkek Fly,2026-01,608241.92,776652.15,168410.22999999998,0.0,-873391.03,-1041703.22,-168312.19,-265149.11,-265051.06999999995,98.04000000003725,98.03999999997905,5.820766091346741e-11,0.0,False
Bishkek Fly,2026-02,776652.15,524424.16,-252227.99000000002,0.0,-1041703.22,-1083175.23,-41472.009999999995,-265051.06999999995,-558751.07,-293700.0,-293700.0,0.0,0.0,False
Bishkek Fly,2026-03,524424.16,768557.86,244133.7,-1.1641532182693481e-10,-1083175.23,-1327308.93,-244133.7,-558751.07,-558751.07,0.0,-1.1641532182693481e-10,1.1641532182693481e-10,0.0,False
Bishkek Fly,2026-04,768557.86,-385204.7,-1153762.56,5.820766091346741e-11,-1327308.93,-470506.9799999999,856801.95,-558751.07,-855711.6799999999,-296960.61,-296960.6100000001,1.1641532182693481e-10,0.0,False
Bishkek Fly,2026-05,-385204.7,-47229.31,337975.38999999996,5.820766091346741e-11,-470506.9799999999,-822553.07,-352046.09,-855711.6799999999,-869782.3799999999,-14070.699999999953,-14070.700000000012,5.820766091346741e-11,0.0,False
Bishkek Fly,2026-06,-47229.31,-362292.12,-315062.81,0.0,-822553.0699999998,-507490.2599999999,315062.81,-869782.3799999999,-869782.3799999999,0.0,0.0,0.0,0.0,False
Bishkek Fly,2026-07,-362292.12,85375.68,447667.8,0.0,-507490.2599999999,-968684.0599999998,-461193.79999999993,-869782.3799999999,-883308.3799999999,-13526.0,-13525.999999999942,-5.820766091346741e-11,0.0,False
Blue Bird Travel,2026-01,-31471.24,-332757.52,-301286.27999999997,-5.820766091346741e-11,31471.23999999999,166608.52000000002,135137.28000000003,-1.0913936421275139e-11,-166149.0,-166149.0,-166149.0,0.0,0.0,False
Blue Bird Travel,2026-02,-332757.52,-369986.77,-37229.25,0.0,166608.52000000002,204234.67000000004,37626.15000000002,-166149.0,-165752.09999999998,396.9000000000233,396.9000000000233,0.0,0.0,False
Blue Bird Travel,2026-03,-369986.77,30180.65,400167.42000000004,-2.1827872842550278e-11,204234.6700000001,-344406.74999999994,-548641.42,-165752.09999999992,-314226.0999999999,-148474.0,-148474.0,0.0,0.0,False
Blue Bird Travel,2026-04,30180.65,-204190.34,-234370.99,0.0,-344406.7499999999,-110035.7599999998,234370.99000000005,-314226.09999999986,-314226.0999999998,5.820766091346741e-11,5.820766091346741e-11,0.0,0.0,False
Blue Bird Travel,2026-05,-204190.34,-602240.98,-398050.64,0.0,-110035.75999999978,413467.3800000002,523503.13999999996,-314226.09999999974,-188773.5999999998,125452.49999999994,125452.49999999994,0.0,0.0,False
Blue Bird Travel,2026-06,-602240.98,-1234350.23,-632109.25,0.0,413467.38,1045576.63,632109.25,-188773.59999999998,-188773.59999999998,0.0,0.0,0.0,0.0,False
Blue Bird Travel,2026-07,-1234350.23,-810250.2,424100.03,0.0,1045576.63,575696.38,-469880.25,-188773.59999999998,-234553.81999999995,-45780.21999999997,-45780.21999999997,0.0,0.0,False
Issyk-Kul Air,2026-01,789379.68,1042005.67,252625.99,0.0,-789379.68,-1092800.79,-303421.11,0.0,-50795.119999999995,-50795.119999999995,-50795.119999999995,0.0,0.0,False
Issyk-Kul Air,2026-02,1042005.67,1505118.47,463112.8,0.0,-1092800.7899999998,-1608116.0999999999,-515315.31000000006,-50795.11999999976,-102997.62999999989,-52202.510000000126,-52202.51000000007,-5.820766091346741e-11,0.0,False
Issyk-Kul Air,2026-03,1505118.47,780128.69,-724989.78,0.0,-1608116.0999999999,-883126.32,724989.7799999999,-102997.62999999989,-102997.63,-1.1641532182693481e-10,-1.1641532182693481e-10,0.0,0.0,False
Issyk-Kul Air,2026-04,780128.69,363213.05,-416915.64,5.820766091346741e-11,-883126.32,-432521.97,450604.35,-102997.63,-69308.91999999998,33688.71000000002,33688.71000000002,0.0,0.0,False
Issyk-Kul Air,2026-05,363213.05,833453.43,470240.38,1.1641532182693481e-10,-432521.96999999986,-949336.1499999999,-516814.18000000005,-69308.91999999987,-115882.71999999986,-46573.79999999999,-46573.79999999993,-5.820766091346741e-11,0.0,False
Issyk-Kul Air,2026-06,833453.43,668414.69,-165038.74,-1.1641532182693481e-10,-949336.1499999999,-786807.4099999999,162528.73999999996,-115882.71999999986,-118392.71999999997,-2510.0000000001164,-2510.0000000001455,2.9103830456733704e-11,0.0,False
Issyk-Kul Air,2026-07,668414.69,-300029.79,-968444.48,5.820766091346741e-11,-786807.4099999997,-507962.9299999997,278844.48,-118392.71999999974,-807992.7199999997,-689600.0,-689600.0,0.0,0.0,False
Jailoo Trip,2026-01,457089.09,716682.84,259593.75,-1.1641532182693481e-10,-457089.08999999997,-714938.09,-257849.0,5.820766091346741e-11,1744.75,1744.7499999999418,1744.7499999998836,5.820766091346741e-11,0.0,False
Jailoo Trip,2026-02,716682.84,833665.32,116982.48000000001,0.0,-714938.09,-825620.57,-110682.48000000001,1744.75,8044.75,6300.0,6300.0,0.0,0.0,False
Jailoo Trip,2026-03,833665.32,593147.09,-240518.22999999998,0.0,-825620.5699999998,-585102.3399999999,240518.23,8044.750000000116,8044.750000000116,0.0,2.9103830456733704e-11,-2.9103830456733704e-11,0.0,False
Jailoo Trip,2026-04,593147.09,304813.65,-288333.44,5.820766091346741e-11,-585102.3400000001,-317369.2800000001,267733.05999999994,8044.749999999884,-12555.630000000063,-20600.379999999946,-20600.380000000005,5.820766091346741e-11,0.0,False
Jailoo Trip,2026-05,304813.65,726777.55,421963.9,0.0,-317369.2800000002,-666227.5000000002,-348858.22000000003,-12555.63000000018,60550.049999999814,73105.68,73105.68,0.0,0.0,False
Jailoo Trip,2026-06,726777.55,756851.01,30073.459999999977,0.0,-666227.5,-697956.23,-31728.72999999996,60550.05000000005,58894.78000000003,-1655.2700000000186,-1655.2699999999822,-3.637978807091713e-11,0.0,False
Jailoo Trip,2026-07,756851.01,191581.98,-565269.0299999999,-8.731149137020111e-11,-697956.23,-132606.51999999996,565349.71,58894.78000000003,58975.46000000005,80.68000000002212,80.67999999993481,8.731149137020111e-11,0.0,False
Karakol Express,2026-01,429590.95,2092583.1,1662992.1500000001,0.0,-405744.65000000014,-2398402.3400000003,-1992657.6900000002,23846.299999999872,-305819.2400000002,-329665.5400000001,-329665.54000000004,-5.820766091346741e-11,0.0,False
Karakol Express,2026-02,2092583.1,2276178.24,183595.14000000004,0.0,-2398402.3400000003,-2342496.7800000003,55905.56000000001,-305819.2400000002,-66318.54000000004,239500.7000000002,239500.70000000007,1.1641532182693481e-10,0.0,False
Karakol Express,2026-03,2276178.24,1896303.66,-379874.57999999996,-2.3283064365386963e-10,-2342496.7800000003,-2110994.3400000003,231502.43999999986,-66318.54000000004,-214690.6800000004,-148372.14000000036,-148372.14000000033,-2.9103830456733704e-11,0.0,False
Karakol Express,2026-04,1896303.66,653444.34,-1242859.3199999998,-1.1641532182693481e-10,-2110994.3400000003,-1426548.6,684445.7400000002,-214690.6800000004,-773104.2600000001,-558413.5799999997,-558413.5799999996,-1.1641532182693481e-10,0.0,False
Karakol Express,2026-05,653444.34,1048999.83,395555.49000000005,0.0,-1426548.6000000003,-2814548.7700000005,-1388000.1700000002,-773104.2600000004,-1765548.9400000004,-992444.68,-992444.6800000002,1.1641532182693481e-10,0.0,False
Karakol Express,2026-06,1048999.83,958749.71,-90250.12000000013,0.0,-2814548.7699999996,-4159016.1699999995,-1344467.4,-1765548.9399999995,-3200266.4599999995,-1434717.52,-1434717.52,0.0,0.0,False
Karakol Express,2026-07,958749.71,2477723.26,1518973.55,0.0,-4159016.17,-6377492.75,-2218476.58,-3200266.46,-3899769.49,-699503.0300000003,-699503.03,-2.3283064365386963e-10,0.0,False
Kumtor Tours,2026-01,696393.98,635362.85,-61031.129999999976,0.0,-696393.98,-663586.6499999999,32807.330000000016,0.0,-28223.79999999993,-28223.79999999993,-28223.79999999996,2.9103830456733704e-11,0.0,False
Kumtor Tours,2026-02,635362.85,170244.37,-465118.48,0.0,-663586.6499999999,-1054324.5899999999,-390737.94,-28223.79999999993,-884080.2199999999,-855856.4199999999,-855856.4199999999,0.0,0.0,False
Kumtor Tours,2026-03,170244.37,200556.49,30312.119999999995,0.0,-1054324.5899999999,-1084636.71,-30312.12000000001,-884080.2199999999,-884080.22,-1.1641532182693481e-10,-1.4551915228366852e-11,-1.0186340659856796e-10,0.0,False
Kumtor Tours,2026-04,200556.49,269687.67,69131.18,0.0,-1084636.7100000002,-1153767.8900000001,-69131.18,-884080.2200000002,-884080.2200000002,0.0,0.0,0.0,0.0,False
Kumtor Tours,2026-05,269687.67,-383390.58,-653078.25,0.0,-1153767.8900000001,-987189.64,166578.25,-884080.2200000002,-1370580.22,-486499.99999999977,-486500.0,2.3283064365386963e-10,0.0,False
Kumtor Tours,2026-06,-383390.58,177632.74,561023.32,5.820766091346741e-11,-987189.6399999999,-1548212.96,-561023.3200000001,-1370580.22,-1370580.22,0.0,0.0,0.0,0.0,False
Kumtor Tours,2026-07,177632.74,708487.84,530855.1,0.0,-1548212.96,-2079068.06,-530855.1,-1370580.22,-1370580.2200000002,-2.3283064365386963e-10,0.0,-2.3283064365386963e-10,0.0,False
Nomad Trip,2026-01,0.0,72951.79,72951.79000000001,-1.4551915228366852e-11,0.0,-72951.79000000002,-72951.79000000002,0.0,-2.9103830456733704e-11,-2.9103830456733704e-11,-2.9103830456733704e-11,0.0,0.0,False
Nomad Trip,2026-02,72951.79,-595858.74,-668810.53,0.0,-72951.79000000004,595858.74,668810.53,-4.3655745685100555e-11,0.0,4.3655745685100555e-11,0.0,4.3655745685100555e-11,0.0,False
Nomad Trip,2026-03,-595858.74,-663411.03,-67552.29000000004,0.0,595858.74,663293.08,67434.34,0.0,-117.95000000006985,-117.95000000006985,-117.95000000004075,-2.9103830456733704e-11,0.0,False
Nomad Trip,2026-04,-663411.03,-842767.71,-179356.68,0.0,663293.08,758980.35,95687.27000000002,-117.95000000006985,-83787.35999999999,-83669.40999999992,-83669.40999999997,5.820766091346741e-11,0.0,False
Nomad Trip,2026-05,-842767.71,-557022.69,285745.01999999996,0.0,758980.35,565053.77,-193926.58,-83787.35999999999,8031.0800000000745,91818.44000000006,91818.43999999997,8.731149137020111e-11,0.0,False
Nomad Trip,2026-06,-557022.69,-135593.55,421429.14,-5.820766091346741e-11,565053.77,52224.830000000075,-512828.94,8031.0800000000745,-83368.71999999991,-91399.79999999999,-91399.80000000005,5.820766091346741e-11,0.0,False
Nomad Trip,2026-07,-28036.45,45229.57,73266.01999999999,7.275957614183426e-12,52224.83000000031,-21041.18999999971,-73266.02000000002,24188.380000000307,24188.38000000029,-1.8189894035458565e-11,-2.9103830456733704e-11,1.0913936421275139e-11,107557.09999999999,True
Silk Route Air,2026-01,344356.23,471960.0,127603.76999999999,0.0,-174009.02000000002,-301612.79000000004,-127603.77000000002,170347.20999999996,170347.20999999996,0.0,-2.9103830456733704e-11,2.9103830456733704e-11,0.0,False
Silk Route Air,2026-02,471960.0,365243.1,-106716.9,0.0,-301612.79000000004,-193593.72,108019.07,170347.20999999996,171649.37999999998,1302.1700000000128,1302.1700000000128,0.0,0.0,False
Silk Route Air,2026-03,365243.1,738422.91,373179.81,1.1641532182693481e-10,-193593.72000000003,-563937.95,-370344.2299999999,171649.37999999995,174484.96000000008,2835.5800000001327,2835.580000000191,-5.820766091346741e-11,0.0,False
Silk Route Air,2026-04,738422.91,-184685.04,-923107.95,-8.731149137020111e-11,-563937.9500000002,339487.99999999994,903425.9500000001,174484.95999999985,154802.95999999993,-19681.999999999913,-19682.0,8.731149137020111e-11,0.0,False
Silk Route Air,2026-05,-184685.04,-61455.84,123229.19999999998,2.9103830456733704e-11,339487.9999999999,216565.3899999999,-122922.60999999999,154802.95999999988,155109.5499999999,306.5900000000256,306.5900000000256,0.0,0.0,False
Silk Route Air,2026-06,-61455.84,589515.66,650971.5,0.0,216565.38999999996,-491629.2199999999,-708194.6099999999,155109.54999999996,97886.44000000012,-57223.10999999984,-57223.10999999987,2.9103830456733704e-11,0.0,False
Silk Route Air,2026-07,589515.66,-334837.79,-924353.45,-5.820766091346741e-11,-491629.2200000001,432724.23,924353.4500000001,97886.43999999994,97886.44,5.820766091346741e-11,1.1641532182693481e-10,-5.820766091346741e-11,0.0,False
SkyWay Travel,2026-01,-138291.5,29162.01,167453.50999999992,7.639755494892597e-11,138291.5,-874781.3899999999,-1013072.8899999999,0.0,-845619.3799999999,-845619.3799999999,-845619.3799999999,0.0,0.0,False
SkyWay Travel,2026-02,29162.01,-5275406.81,-5304568.82,9.313225746154785e-10,-874781.3899999997,3057614.13,3932395.5199999996,-845619.3799999997,-2217792.6799999997,-1372173.3,-1372173.2999999998,-2.3283064365386963e-10,0.0,False
SkyWay Travel,2026-03,-5275406.81,-8183516.81,-2908110.0,0.0,3057614.129999999,4476211.279999999,1418597.1500000004,-2217792.6800000006,-3707305.5300000003,-1489512.8499999996,-1489512.8499999996,0.0,0.0,False
SkyWay Travel,2026-04,-8156016.81,-10545967.07,-2389950.2600000002,0.0,4476211.279999999,6219836.959999999,1743625.6799999997,-3679805.5300000003,-4326130.110000001,-646324.580000001,-646324.5800000005,-4.656612873077393e-10,27500.0,True
SkyWay Travel,2026-05,-10545967.07,-7483130.52,3062836.55,9.313225746154785e-10,6219836.959999999,2224543.2099999995,-3995293.75,-4326130.110000001,-5258587.3100000005,-932457.1999999993,-932457.1999999993,0.0,0.0,False
SkyWay Travel,2026-06,-7483130.52,-7675497.5,-192366.98,0.0,2224543.210000001,914107.9800000009,-1310435.2299999997,-5258587.309999999,-6761389.52,-1502802.210000001,-1502802.2099999997,-1.1641532182693481e-09,0.0,False
SkyWay Travel,2026-07,-7675497.5,-8756786.7,-1081289.2,0.0,914107.9799999994,16786.699999999255,-897321.2800000001,-6761389.5200000005,-8740000.0,-1978610.4799999995,-1978610.48,4.656612873077393e-10,0.0,False
Steppe Travel,2026-01,868183.44,-244081.34,-1112264.78,8.731149137020111e-11,2441280.29,3452732.78,1011452.4899999998,3309463.73,3208651.44,-100812.29000000004,-100812.29000000027,2.3283064365386963e-10,0.0,False
Steppe Travel,2026-02,-244081.34,245933.58,490014.92,0.0,3452732.7800000003,2946311.56,-506421.22,3208651.4400000004,3192245.14,-16406.30000000028,-16406.29999999999,-2.9103830456733704e-10,0.0,False
Steppe Travel,2026-03,245933.58,-406296.88,-652230.46,0.0,2946311.56,2737439.44,-208872.12,3192245.14,2331142.56,-861102.5800000001,-861102.58,-1.1641532182693481e-10,0.0,False
Steppe Travel,2026-04,-406296.88,14437.3,420734.18,1.0913936421275139e-11,2737439.44,2316705.26,-420734.18,2331142.56,2331142.5599999996,-4.656612873077393e-10,0.0,-4.656612873077393e-10,0.0,False
Steppe Travel,2026-05,14437.3,307371.65,292934.35,5.820766091346741e-11,2316705.2600000002,2067327.4100000001,-249377.84999999998,2331142.56,2374699.06,43556.5,43556.50000000006,-5.820766091346741e-11,0.0,False
Steppe Travel,2026-06,307371.65,756711.38,449339.73,0.0,2067327.41,1617987.68,-449339.73,2374699.06,2374699.06,0.0,0.0,0.0,0.0,False
Steppe Travel,2026-07,756711.38,301892.6,-454818.78,0.0,1617987.68,2072806.46,454818.77999999997,2374699.06,2374699.06,0.0,-5.820766091346741e-11,5.820766091346741e-11,0.0,False
Sunrise Tours,2026-01,0.0,-158385.98,-158385.97999999998,-2.9103830456733704e-11,78399.4,234085.38,155685.98,78399.4,75699.4,-2700.0,-2700.0,0.0,0.0,False
Sunrise Tours,2026-02,-158385.98,-1041618.91,-883232.93,0.0,234085.37999999977,1115518.3099999998,881432.93,75699.39999999976,73899.39999999979,-1799.999999999971,-1800.0,2.9103830456733704e-11,0.0,False
Sunrise Tours,2026-03,-1041618.91,-987426.66,54192.25,0.0,1115518.31,560273.9099999999,-555244.4,73899.40000000002,-427152.7500000001,-501052.15000000014,-501052.15,-1.1641532182693481e-10,0.0,False
Sunrise Tours,2026-04,-987426.66,-1912384.12,-924957.46,0.0,560273.9099999998,1486231.3699999999,925957.4600000001,-427152.75000000023,-426152.75000000023,1000.0,1000.0000000001164,-1.1641532182693481e-10,0.0,False
Sunrise Tours,2026-05,-1912384.12,-1089092.96,823291.16,0.0,1486231.3699999999,662940.21,-823291.1599999999,-426152.75000000023,-426152.75,2.3283064365386963e-10,1.1641532182693481e-10,1.1641532182693481e-10,0.0,False
Sunrise Tours,2026-06,-1088829.96,-599838.47,488991.49,0.0,662940.21,-114314.30000000008,-777254.51,-425889.75,-714152.77,-288263.02,-288263.02,0.0,263.0,True
Sunrise Tours,2026-07,-599838.47,-670642.44,-70803.96999999999,0.0,-114314.29999999999,-294714.32999999996,-180400.02999999997,-714152.77,-965356.7699999999,-251203.99999999988,-251203.99999999994,5.820766091346741e-11,0.0,False
Tengri Trip,2026-01,0.0,-538487.54,-538487.54,0.0,0.0,538487.54,538487.54,0.0,0.0,0.0,0.0,0.0,0.0,False
Tengri Trip,2026-02,-538487.54,-788340.3,-249852.76,0.0,538487.54,788342.7000000001,249855.16,0.0,2.400000000023283,2.400000000023283,2.3999999999941792,2.9103830456733704e-11,0.0,False
Tengri Trip,2026-03,-788340.3,-290093.03,498247.27,0.0,788342.7,290095.4299999999,-498247.27,2.3999999999068677,2.39999999984866,-5.820766091346741e-11,0.0,-5.820766091346741e-11,0.0,False
Tengri Trip,2026-04,-290093.03,606075.79,896168.82,1.1641532182693481e-10,290095.43000000005,-603158.15,-893253.5800000001,2.400000000023283,2917.640000000014,2915.2399999999907,2915.2399999999907,0.0,0.0,False
Tengri Trip,2026-05,606075.79,241985.6,-364090.19,-2.9103830456733704e-11,-603158.1500000001,-470967.96000000014,132190.18999999997,2917.6399999998976,-228982.36000000013,-231900.00000000003,-231900.0000000001,5.820766091346741e-11,0.0,False
Tengri Trip,2026-06,241985.6,691118.94,449133.33999999997,0.0,-470967.9600000001,-1328975.1400000001,-858007.18,-228982.36000000007,-637856.2000000002,-408873.8400000001,-408873.8400000001,0.0,0.0,False
Tengri Trip,2026-07,691118.94,-360965.01,-1052083.95,0.0,-1328975.14,-314765.1299999999,1014210.01,-637856.2,-675730.1399999999,-37873.939999999944,-37873.939999999944,0.0,0.0,False
Абдылда уулу Б.,2026-01,0.0,-711121.64,-711121.64,0.0,0.0,322665.60000000003,322665.60000000003,0.0,-388456.04,-388456.04,-388456.04,0.0,0.0,False
Абдылда уулу Б.,2026-02,-711121.64,-2320420.73,-1609299.09,0.0,322665.5999999996,2007815.74,1685150.1400000004,-388456.0400000004,-312604.99,75851.0500000004,75851.05000000028,1.1641532182693481e-10,0.0,False
Абдылда уулу Б.,2026-03,-2320420.73,-553458.02,1766962.71,0.0,2007815.74,128911.44999999995,-1878904.29,-312604.99,-424546.57000000007,-111941.58000000007,-111941.58000000007,0.0,0.0,False
Абдылда уулу Б.,2026-04,-553458.02,-1588104.83,-1034646.8099999999,0.0,128911.44999999995,870119.17,741207.7200000001,-424546.57000000007,-717985.66,-293439.08999999997,-293439.08999999985,-1.1641532182693481e-10,0.0,False
Абдылда уулу Б.,2026-05,-1588104.83,-2946820.97,-1358716.1400000001,0.0,870119.17,1619614.3900000001,749495.2200000001,-717985.66,-1327206.58,-609220.92,-609220.92,0.0,0.0,False
Абдылда уулу Б.,2026-06,-2946820.97,-2581364.47,365456.49999999994,0.0,1619614.3899999997,1327372.4799999997,-292241.91000000003,-1327206.5800000005,-1253991.9900000005,73214.59000000008,73214.58999999991,1.7462298274040222e-10,0.0,False
Абдылда уулу Б.,2026-07,-2581364.47,-2989595.5,-408231.03,0.0,1327372.4799999995,1640399.6899999997,313027.2100000001,-1253991.9900000007,-1349195.8100000003,-95203.8199999996,-95203.81999999995,3.4924596548080444e-10,0.0,False
Абдылдаов Д. М.,2026-01,-149235.78,85088.26,234324.04,-1.4551915228366852e-11,149235.78,-219688.26000000004,-368924.04000000004,0.0,-134600.00000000006,-134600.00000000006,-134600.00000000006,0.0,0.0,False
Абдылдаов Д. М.,2026-02,85088.26,-47858.82,-132947.08000000002,2.1827872842550278e-11,-219688.2600000001,-86741.18000000011,132947.08,-134600.00000000012,-134600.00000000012,0.0,0.0,0.0,0.0,False
Абдылдаов Д. М.,2026-03,-47858.82,-158267.72,-110408.9,0.0,-86741.18,-125054.69999999998,-38313.51999999999,-134600.0,-283322.42,-148722.41999999998,-148722.41999999998,0.0,0.0,False
Абдылдаов Д. М.,2026-04,-158267.72,-439669.48,-281401.76,0.0,-125054.70000000001,146347.06,271401.76,-283322.42000000004,-293322.42,-9999.999999999942,-10000.0,5.820766091346741e-11,0.0,False
Абдылдаов Д. М.,2026-05,-439669.48,-818040.25,-378370.77,0.0,146347.0600000001,524717.8300000001,378370.76999999996,-293322.41999999987,-293322.4199999999,-5.820766091346741e-11,-5.820766091346741e-11,0.0,0.0,False
Абдылдаов Д. М.,2026-06,-818040.25,-169722.76,648317.49,0.0,524717.83,-124227.80999999997,-648945.6399999999,-293322.42000000004,-293950.56999999995,-628.1499999999069,-628.1499999999069,0.0,0.0,False
Абдылдаов Д. М.,2026-07,-169722.76,-195011.15,-25288.389999999985,0.0,-124227.81000000025,-105890.7800000002,18337.030000000042,-293950.57000000024,-300901.93000000017,-6951.359999999928,-6951.359999999942,1.4551915228366852e-11,0.0,False
Абдыраманова Д. А.,2026-01,592175.79,781495.69,189319.90000000002,-1.1641532182693481e-10,-592175.7899999999,-1098946.69,-506770.9,1.1641532182693481e-10,-317451.0,-317451.0000000001,-317451.0000000001,0.0,0.0,False
Абдыраманова Д. А.,2026-02,781495.69,346188.47,-435307.22,0.0,-1098946.69,-663639.47,435307.22,-317451.0,-317451.0,0.0,0.0,0.0,0.0,False
Абдыраманова Д. А.,2026-03,346188.47,645677.69,299489.22000000003,0.0,-663639.47,-963128.69,-299489.22,-317451.0,-317451.0,0.0,5.820766091346741e-11,-5.820766091346741e-11,0.0,False
Абдыраманова Д. А.,2026-04,645677.69,-117843.37,-763521.06,1.1641532182693481e-10,-963128.69,-199607.62999999995,763521.06,-317451.0,-317450.99999999994,5.820766091346741e-11,1.1641532182693481e-10,-5.820766091346741e-11,0.0,False
Абдыраманова Д. А.,2026-05,-117843.37,-140903.7,-23060.329999999987,-2.9103830456733704e-11,-199607.63000000006,-670147.3,-470539.67,-317451.00000000006,-811051.0,-493599.99999999994,-493600.0,5.820766091346741e-11,0.0,False
Абдыраманова Д. А.,2026-06,-140903.7,137397.36,278301.06,0.0,-670147.3,-960961.29,-290813.99,-811051.0,-823563.93,-12512.930000000051,-12512.929999999993,-5.820766091346741e-11,0.0,False
Абдыраманова Д. А.,2026-07,137397.36,469164.01,331766.65,0.0,-960961.2899999997,-1390523.2099999997,-429561.92000000004,-823563.9299999997,-921359.1999999997,-97795.27000000002,-97795.27000000002,0.0,0.0,False
Ак-Куу Авиа,2026-01,-287126.5,469499.83,756626.3300000001,-5.820766091346741e-11,740673.85,16462.879999999772,-724210.9700000002,453547.35,485962.7099999998,32415.35999999981,32415.35999999987,-5.820766091346741e-11,0.0,False
Ак-Куу Авиа,2026-02,469499.83,-485345.45,-954845.2799999999,-1.1641532182693481e-10,16462.880000000237,606456.08,589993.1999999997,485962.71000000025,121110.62999999995,-364852.0800000003,-364852.0800000003,0.0,0.0,False
Ак-Куу Авиа,2026-03,-485345.45,-4097707.56,-3612362.11,0.0,606456.0799999996,3423462.06,2817005.9800000004,121110.6299999996,-674245.5,-795356.1299999997,-795356.1299999994,-2.3283064365386963e-10,0.0,False
Ак-Куу Авиа,2026-04,-4097707.56,-4370658.45,-272950.89,0.0,3423462.06,3707175.5100000002,283713.45,-674245.5,-663482.94,10762.560000000056,10762.559999999998,5.820766091346741e-11,0.0,False
Ак-Куу Авиа,2026-05,-4370658.45,-2438381.95,1932276.5,0.0,3707175.51,1742085.4300000002,-1965090.0799999996,-663482.9400000004,-696296.52,-32813.57999999961,-32813.57999999961,0.0,0.0,False
Ак-Куу Авиа,2026-06,-2438381.95,-1042635.51,1395746.44,2.3283064365386963e-10,1742085.4300000002,-13918.569999999949,-1756004.0,-696296.52,-1056554.08,-360257.56000000006,-360257.5599999998,-2.3283064365386963e-10,0.0,False
Ак-Куу Авиа,2026-07,-1042635.51,-226489.33,816146.1799999998,2.0372681319713593e-10,-13918.57000000088,-921193.8700000012,-907275.3000000003,-1056554.080000001,-1147683.2000000011,-91129.12000000011,-91129.12000000023,1.1641532182693481e-10,0.0,False
Ак-Куу Тур,2026-01,0.0,-737458.71,-737458.7100000001,1.1641532182693481e-10,0.0,728450.41,728450.41,0.0,-9008.29999999993,-9008.29999999993,-9008.29999999993,0.0,0.0,False
Ак-Куу Тур,2026-02,-737458.71,-982551.79,-245093.07999999996,-1.1641532182693481e-10,728450.4099999999,928497.9299999999,200047.52,-9008.300000000047,-54053.8600000001,-45045.560000000056,-45045.560000000085,2.9103830456733704e-11,0.0,False
Ак-Куу Тур,2026-03,-982551.79,-3354010.21,-2371458.42,0.0,928497.9300000002,2779021.06,1850523.13,-54053.85999999987,-574989.1499999999,-520935.29000000004,-520935.29000000004,0.0,0.0,False
Ак-Куу Тур,2026-04,-3354010.21,-3011999.6,342010.61,0.0,2779021.0600000005,2372052.8200000003,-406968.24000000005,-574989.1499999994,-639946.7799999998,-64957.630000000354,-64957.63000000006,-2.9103830456733704e-10,0.0,False
Ак-Куу Тур,2026-05,-3011999.6,-2044608.46,967391.14,0.0,2372052.8200000003,1419742.6000000003,-952310.22,-639946.7799999998,-624865.8599999996,15080.920000000158,15080.920000000042,1.1641532182693481e-10,0.0,False
Ак-Куу Тур,2026-06,-2044608.46,-1951264.49,93343.97000000004,0.0,1419742.5999999994,1269831.5599999994,-149911.03999999998,-624865.8600000006,-681432.9300000006,-56567.070000000065,-56567.069999999934,-1.3096723705530167e-10,0.0,False
Ак-Куу Тур,2026-07,-1951264.49,-1645824.0,305440.49000000005,0.0,1269831.5599999998,721142.1499999999,-548689.4099999999,-681432.9300000002,-924681.8500000001,-243248.91999999993,-243248.91999999987,-5.820766091346741e-11,0.0,False
Ала-Арча Авиакасса,2026-01,-161927.31,-209488.87,-47561.560000000005,0.0,161927.31,209488.87,47561.56000000001,0.0,0.0,0.0,7.275957614183426e-12,-7.275957614183426e-12,0.0,False
Ала-Арча Авиакасса,2026-02,-209488.87,94293.05,303781.92,1.4551915228366852e-11,209488.87000000005,-145335.05,-354823.92000000004,5.820766091346741e-11,-51041.999999999985,-51042.000000000044,-51042.00000000006,1.4551915228366852e-11,0.0,False
Ала-Арча Авиакасса,2026-03,94293.05,-202427.46,-296720.51,2.9103830456733704e-11,-145335.0500000001,191587.4599999999,336922.51,-51042.0000000001,-10840.000000000087,40202.000000000015,40202.0,1.4551915228366852e-11,0.0,False
Ала-Арча Авиакасса,2026-04,-202427.46,-733646.29,-531218.83,-1.1641532182693481e-10,191587.46000000005,416606.29000000004,225018.83,-10839.999999999942,-317040.0,-306200.00000000006,-306200.0000000001,5.820766091346741e-11,0.0,False
Ала-Арча Авиакасса,2026-05,-733646.29,-764798.38,-31152.089999999982,0.0,416606.29000000004,38858.380000000005,-377747.91000000003,-317040.0,-725940.0,-408900.0,-408900.0,0.0,0.0,False
Ала-Арча Авиакасса,2026-06,-764798.38,-503746.11,261052.27000000002,0.0,38858.379999999976,-186986.43000000005,-225844.81000000003,-725940.0,-690732.54,35207.45999999996,35207.45999999999,-2.9103830456733704e-11,0.0,False
Ала-Арча Авиакасса,2026-07,-503746.11,-207754.43,295991.68,0.0,-186986.43000000017,-482978.11000000016,-295991.68,-690732.5400000002,-690732.5400000002,0.0,0.0,0.0,0.0,False
Ала-Арча Тревел,2026-01,-789666.86,-1690022.53,-900355.6699999999,-2.3283064365386963e-10,777013.06,1677368.73,900355.6699999999,-12653.79999999993,-12653.800000000047,-1.1641532182693481e-10,-2.3283064365386963e-10,1.1641532182693481e-10,0.0,False
Ала-Арча Тревел,2026-02,-1690022.53,-1522427.99,167594.54,0.0,1677368.73,1509774.19,-167594.54,-12653.800000000047,-12653.800000000047,0.0,0.0,0.0,0.0,False
Ала-Арча Тревел,2026-03,-1522427.99,-1235791.43,286636.56,0.0,1509774.19,1229744.06,-280030.13,-12653.800000000047,-6047.369999999879,6606.430000000168,6606.429999999993,1.7462298274040222e-10,0.0,False
Ала-Арча Тревел,2026-04,-1235791.43,-997485.59,238305.84,0.0,1229744.06,991438.2200000001,-238305.84000000003,-6047.369999999879,-6047.369999999879,0.0,-2.9103830456733704e-11,2.9103830456733704e-11,0.0,False
Ала-Арча Тревел,2026-05,-997485.59,-1161788.87,-164303.28,-2.3283064365386963e-10,991438.22,1164741.5,173303.28,-6047.369999999995,2952.6299999998882,8999.999999999884,8999.999999999767,1.1641532182693481e-10,0.0,False
Ала-Арча Тревел,2026-06,-1161788.87,-867023.73,294765.14,1.1641532182693481e-10,1164741.5,868076.3600000001,-296665.14,2952.6299999998882,1052.630000000121,-1899.9999999997672,-1899.9999999998836,1.1641532182693481e-10,0.0,False
Ала-Арча Тревел,2026-07,-867023.73,-368444.42,498579.31,0.0,868076.3600000001,367481.35000000003,-500595.01,1052.630000000121,-963.0699999999488,-2015.7000000000698,-2015.7000000000116,-5.820766091346741e-11,0.0,False
Асанов Кубат Чынаревич,2026-01,-599379.78,-653284.68,-53904.899999999994,0.0,599379.78,653284.68,53904.899999999994,0.0,0.0,0.0,0.0,0.0,0.0,False
Асанов Кубат Чынаревич,2026-03,-846180.68,-609237.55,236943.13,0.0,846180.68,609237.55,-236943.13,0.0,0.0,0.0,0.0,0.0,-192896.0,False
Асанов Кубат Чынаревич,2026-04,-609237.55,-739145.01,-129907.46,0.0,609237.55,739145.01,129907.46,0.0,0.0,0.0,0.0,0.0,0.0,False
Асанов Кубат Чынаревич,2026-05,-739145.01,-522243.1,216901.91,0.0,739145.01,522243.1,-216901.91,0.0,0.0,0.0,0.0,0.0,0.0,False
Асанов Кубат Чынаревич,2026-06,-522243.1,-900498.65,-378255.55,-1.1641532182693481e-10,522243.1000000001,497330.7100000001,-24912.389999999985,1.1641532182693481e-10,-403167.93999999994,-403167.94000000006,-403167.94000000006,0.0,0.0,False
Асанов Кубат Чынаревич,2026-07,-900498.65,-742645.48,157853.16999999998,0.0,497330.7100000001,339586.56000000006,-157744.15,-403167.93999999994,-403058.9199999999,109.02000000001863,109.01999999998952,2.9103830456733704e-11,0.0,False
Асанова Каныкей Эсенбекевна,2026-01,0.0,134983.51,134983.51,0.0,-320853.24,-450705.75,-129852.51000000001,-320853.24,-315722.24,5131.0,5131.0,0.0,0.0,False
Асанова Каныкей Эсенбекевна,2026-02,134983.51,45745.25,-89238.26,-1.4551915228366852e-11,-450705.75000000006,-361467.49000000005,89238.26,-315722.24000000005,-315722.24000000005,0.0,-1.4551915228366852e-11,1.4551915228366852e-11,0.0,False
Асанова Каныкей Эсенбекевна,2026-03,45745.25,39105.31,-6639.939999999988,-1.4551915228366852e-11,-361467.48999999993,-354827.54999999993,6639.939999999995,-315722.23999999993,-315722.23999999993,0.0,-7.275957614183426e-12,7.275957614183426e-12,0.0,False
Асанова Каныкей Эсенбекевна,2026-04,39105.31,128779.73,89674.42,0.0,-354827.55000000005,-440057.43000000005,-85229.88,-315722.24000000005,-311277.70000000007,4444.539999999979,4444.539999999994,-1.4551915228366852e-11,0.0,False
Асанова Каныкей Эсенбекевна,2026-05,128779.73,331074.42,202294.69,0.0,-440057.43,-675056.12,-234998.69,-311277.7,-343981.7,-32704.0,-32704.0,0.0,0.0,False
Асанова Каныкей Эсенбекевна,2026-06,331074.42,-54483.61,-385558.03,4.3655745685100555e-11,-675056.12,-289651.02999999997,385405.09,-343981.7,-344134.63999999996,-152.93999999994412,-152.93999999994412,0.0,0.0,False
Асанова Каныкей Эсенбекевна,2026-07,-54483.61,-110947.5,-56463.89000000001,0.0,-289651.0299999999,-216121.93999999992,73529.09,-344134.6399999999,-327069.43999999994,17065.199999999953,17065.19999999999,-3.637978807091713e-11,0.0,False
БАЙТУР ТУРИЗМ,2026-01,0.0,-118458.94,-118458.94,0.0,0.0,118458.94,118458.94,0.0,0.0,0.0,0.0,0.0,0.0,False
БАЙТУР ТУРИЗМ,2026-02,-118458.94,-429040.13,-310581.19,0.0,118458.93999999997,119640.12999999995,1181.1899999999769,-2.9103830456733704e-11,-309400.00000000006,-309400.0,-309400.0,0.0,0.0,False
БАЙТУР ТУРИЗМ,2026-03,-429040.13,-113956.69,315083.44,0.0,119640.12999999998,-195443.31000000003,-315083.44,-309400.0,-309400.0,0.0,0.0,0.0,0.0,False
БАЙТУР ТУРИЗМ,2026-04,-113956.69,126228.32,240185.01,0.0,-195443.31000000006,-633464.3200000001,-438021.01,-309400.00000000006,-507236.00000000006,-197836.0,-197836.0,0.0,0.0,False
БАЙТУР ТУРИЗМ,2026-05,126228.32,173055.91,46827.58999999997,2.9103830456733704e-11,-633464.3200000001,-673600.87,-40136.54999999999,-507236.00000000006,-500544.95999999996,6691.0400000000955,6691.040000000008,8.731149137020111e-11,0.0,False
БАЙТУР ТУРИЗМ,2026-06,173055.91,-476391.22,-649447.13,0.0,-673600.8700000001,-24255.47000000003,649345.4,-500544.9600000001,-500646.69,-101.72999999992317,-101.72999999998137,5.820766091346741e-11,0.0,False
БАЙТУР ТУРИЗМ,2026-07,-476391.22,-471562.82,4828.400000000023,-5.820766091346741e-11,-24255.469999999943,-26068.04999999999,-1812.5800000000454,-500646.68999999994,-497630.87,3015.819999999949,3015.8199999999197,2.9103830456733704e-11,0.0,False
Байтур Трип,2026-01,0.0,21111.0,21111.000000000036,-3.637978807091713e-11,0.0,-438193.54999999993,-438193.54999999993,0.0,-417082.54999999993,-417082.54999999993,-417082.54999999993,0.0,0.0,False
Байтур Трип,2026-02,21111.0,-383589.76,-404700.76,0.0,-438193.54999999993,-89099.88999999996,349093.66,-417082.54999999993,-472689.64999999997,-55607.100000000035,-55607.100000000035,0.0,0.0,False
Байтур Трип,2026-03,-383589.76,-231830.32,151759.43999999997,2.9103830456733704e-11,-89099.88999999996,-329486.3899999999,-240386.49999999994,-472689.64999999997,-561316.71,-88627.06,-88627.05999999994,-5.820766091346741e-11,0.0,False
Байтур Трип,2026-04,-231830.32,-404780.56,-172950.24,0.0,-329486.3899999999,-156536.14999999988,172950.24000000002,-561316.71,-561316.7099999998,1.1641532182693481e-10,2.9103830456733704e-11,8.731149137020111e-11,0.0,False
Байтур Трип,2026-05,-404780.56,-282700.69,122079.87000000002,-5.820766091346741e-11,-156536.15000000008,-224941.21999999994,-68405.06999999988,-561316.7100000001,-507641.9099999999,53674.80000000016,53674.80000000009,7.275957614183426e-11,0.0,False
Байтур Трип,2026-06,-282700.69,-1358037.53,-1075336.84,0.0,-224941.2200000002,824117.9899999998,1049059.21,-507641.9100000002,-533919.5400000003,-26277.630000000063,-26277.63000000012,5.820766091346741e-11,0.0,False
Байтур Трип,2026-07,-1358037.53,-684715.28,673322.25,0.0,824117.99,-450604.26,-1274722.25,-533919.54,-1135319.54,-601400.0,-601400.0,0.0,0.0,False
Бейшенова Н. Ч.,2026-01,0.0,-806282.5,-806282.5,0.0,0.0,428682.49999999994,428682.49999999994,0.0,-377600.00000000006,-377600.00000000006,-377600.00000000006,0.0,0.0,False
Бейшенова Н. Ч.,2026-02,-806282.5,-579521.74,226760.76,0.0,428682.5000000001,-18278.25999999998,-446960.76000000007,-377599.9999999999,-597800.0,-220200.00000000012,-220200.00000000006,-5.820766091346741e-11,0.0,False
Бейшенова Н. Ч.,2026-03,-579521.74,-1072482.5,-492960.76,0.0,-18278.26000000001,-44317.5,-26039.23999999999,-597800.0,-1116800.0,-519000.0,-519000.0,0.0,0.0,False
Бейшенова Н. Ч.,2026-04,-964925.4,-1273207.56,-308282.16000000003,0.0,-44317.49999999994,263964.66000000003,308282.16,-1009242.8999999999,-1009242.9,-1.1641532182693481e-10,-5.820766091346741e-11,-5.820766091346741e-11,107557.09999999998,True
Бейшенова Н. Ч.,2026-05,-1273207.56,-792355.98,480851.57999999996,1.1641532182693481e-10,263964.66,-273308.32,-537272.98,-1009242.9000000001,-1065664.3,-56421.39999999991,-56421.39999999991,0.0,0.0,False
Бейшенова Н. Ч.,2026-06,-792355.98,-363005.61,429350.37,0.0,-273308.3199999999,-646650.9999999999,-373342.68,-1065664.2999999998,-1009656.6099999999,56007.689999999944,56007.69,-5.820766091346741e-11,0.0,False
Бейшенова Н. Ч.,2026-07,-363005.61,186412.58,549418.1900000001,-8.731149137020111e-11,-646650.9999999998,-1209493.2499999998,-562842.25,-1009656.6099999998,-1023080.6699999998,-13424.060000000056,-13424.060000000056,0.0,0.0,False
Бирлик Трип,2026-01,0.0,622793.71,622793.71,0.0,0.0,-632793.71,-632793.71,0.0,-10000.0,-10000.0,-10000.0,0.0,0.0,False
Бирлик Трип,2026-02,622793.71,-72679.57,-695473.28,5.820766091346741e-11,-632793.7099999998,62617.14000000004,695410.8499999999,-9999.999999999884,-10062.429999999964,-62.43000000008033,-62.43000000016764,8.731149137020111e-11,0.0,False
Бирлик Трип,2026-03,-72679.57,-339628.62,-266949.05,0.0,62617.14000000019,489935.97000000015,427318.82999999996,-10062.429999999818,150307.35000000015,160369.77999999997,160369.77999999997,0.0,0.0,False
Бирлик Трип,2026-04,-339628.62,-830056.88,-490428.26,0.0,489935.97000000003,780524.93,290588.96,150307.35000000003,-49531.94999999995,-199839.3,-199839.3,0.0,0.0,False
Бирлик Трип,2026-05,-830056.88,-664456.43,165600.44999999998,0.0,780524.9300000002,595266.3800000001,-185258.55000000002,-49531.94999999984,-69190.04999999993,-19658.100000000093,-19658.100000000035,-5.820766091346741e-11,0.0,False
Бирлик Трип,2026-06,-664456.43,-204974.03,459482.39999999997,8.731149137020111e-11,595266.3800000001,151177.94000000018,-444088.43999999994,-69190.04999999993,-53796.08999999982,15393.960000000108,15393.96000000008,2.9103830456733704e-11,0.0,False
Бирлик Трип,2026-07,-204974.03,-273947.35,-68973.31999999999,0.0,151177.9400000002,-99448.73999999982,-250626.68000000002,-53796.08999999979,-373396.0899999998,-319600.0,-319600.0,0.0,0.0,False
Джолдош уулу Руслан,2026-01,-322858.44,-494747.84,-171889.4,-5.820766091346741e-11,-3400793.17,-3228903.77,171889.4,-3723651.61,-3723651.61,0.0,-5.820766091346741e-11,5.820766091346741e-11,0.0,False
Джолдош уулу Руслан,2026-02,-494747.84,100410.83,595158.6699999999,1.0186340659856796e-10,-3228903.77,-3824062.44,-595158.67,-3723651.61,-3723651.61,0.0,0.0,0.0,0.0,False
Джолдош уулу Руслан,2026-03,100410.83,-154265.16,-254675.99,-2.9103830456733704e-11,-3824062.44,-3606494.6,217567.84000000003,-3723651.61,-3760759.7600000002,-37108.15000000037,-37108.149999999994,-3.7834979593753815e-10,0.0,False
Джолдош уулу Руслан,2026-04,-154265.16,-613630.58,-459365.4199999999,0.0,-3606494.5999999996,-3853729.1799999997,-247234.58000000002,-3760759.76,-4467359.76,-706600.0,-706600.0,0.0,0.0,False
Джолдош уулу Руслан,2026-05,-613630.58,-549008.44,64622.140000000014,0.0,-3853729.1799999997,-3918351.32,-64622.140000000014,-4467359.76,-4467359.76,0.0,0.0,0.0,0.0,False
Джолдош уулу Руслан,2026-06,-549008.44,-496322.75,52685.69000000002,-5.820766091346741e-11,-3918351.32,-3931708.59,-13357.26999999999,-4467359.76,-4428031.34,39328.419999999925,39328.41999999997,-4.3655745685100555e-11,0.0,False
Джолдош уулу Руслан,2026-07,-496322.75,-603811.92,-107489.16999999998,-1.1641532182693481e-10,-3931708.59,-3863637.94,68070.64999999997,-4428031.34,-4467449.86,-39418.520000000484,-39418.520000000135,-3.4924596548080444e-10,0.0,False
Джолдош уулу Эмир,2026-01,-752758.93,-643392.45,109366.48000000001,1.1641532182693481e-10,752758.93,649226.9700000001,-103531.95999999995,0.0,5834.520000000135,5834.520000000135,5834.520000000179,-4.3655745685100555e-11,0.0,False
Джолдош уулу Эмир,2026-02,-643392.45,-1373609.99,-730217.54,0.0,649226.97,1214244.51,565017.54,5834.520000000019,-159365.47999999998,-165200.0,-165200.0,0.0,0.0,False
Джолдош уулу Эмир,2026-03,-1373609.99,-1113233.23,260376.76000000004,0.0,1214244.51,712867.75,-501376.75999999995,-159365.47999999998,-400365.48,-241000.0,-240999.9999999999,-8.731149137020111e-11,0.0,False
Джолдош уулу Эмир,2026-04,-1113233.23,-1485379.87,-372146.64,0.0,712867.7499999999,1085014.39,372146.64,-400365.4800000001,-400365.4800000002,-1.1641532182693481e-10,0.0,-1.1641532182693481e-10,0.0,False
Джолдош уулу Эмир,2026-05,-1485379.87,-1788423.59,-303043.72,0.0,1085014.39,1388501.7799999998,303487.3899999999,-400365.4800000002,-399921.8100000003,443.6699999999255,443.6699999999255,0.0,0.0,False
Джолдош уулу Эмир,2026-06,-1680866.49,-1447778.07,233088.41999999998,0.0,1388501.7799999998,867781.7199999997,-520720.06,-292364.7100000002,-579996.3500000003,-287631.64000000013,-287631.64,-1.1641532182693481e-10,107557.1000000001,True
Джолдош уулу Эмир,2026-07,-1447778.07,-1278841.22,168936.84999999998,2.3283064365386963e-10,867781.72,278544.8699999998,-589236.8500000001,-579996.3500000001,-1000296.3500000001,-420300.0,-420299.9999999999,-1.1641532182693481e-10,0.0,False
Джолдошова Салтанат Сатаревна,2026-01,-253910.3,-1220101.66,-966191.36,0.0,-449483.23000000004,-69020.58000000013,380462.6499999999,-703393.53,-1289122.24,-585728.71,-585728.7100000001,1.1641532182693481e-10,0.0,False
Джолдошова Салтанат Сатаревна,2026-02,-1220101.66,-1762655.6,-542553.9400000001,0.0,-69020.58000000013,230516.24999999994,299536.8300000001,-1289122.24,-1532139.35,-243017.1100000001,-243017.11,-1.1641532182693481e-10,0.0,False
Джолдошова Салтанат Сатаревна,2026-03,-1762655.6,-1397683.81,364971.7899999999,0.0,230516.24999999983,-355370.4399999999,-585886.6899999997,-1532139.3500000003,-1753054.25,-220914.89999999967,-220914.8999999998,1.1641532182693481e-10,0.0,False
Джолдошова Салтанат Сатаревна,2026-04,-1392883.81,-2247290.74,-854406.9299999999,0.0,-355370.4399999999,285946.1500000001,641316.59,-1748254.25,-1961344.59,-213090.34000000008,-213090.33999999997,-1.1641532182693481e-10,4800.0,True
Джолдошова Салтанат Сатаревна,2026-05,-2247290.74,-2281209.27,-33918.52999999999,0.0,285946.1499999998,198671.07999999978,-87275.06999999999,-1961344.5900000003,-2082538.1900000002,-121193.59999999986,-121193.59999999998,1.1641532182693481e-10,0.0,False
Джолдошова Салтанат Сатаревна,2026-06,-2281209.27,-1897627.59,383581.68,0.0,198671.07999999984,-261410.24000000017,-460081.32,-2082538.1900000002,-2159037.83,-76499.6399999999,-76499.64000000001,1.1641532182693481e-10,0.0,False
Джолдошова Салтанат Сатаревна,2026-07,-1897627.59,-1068557.63,829069.96,2.3283064365386963e-10,-261410.24000000046,-1433023.9600000002,-1171613.7199999997,-2159037.8300000005,-2501581.59,-342543.7599999993,-342543.75999999954,2.3283064365386963e-10,0.0,False
Жибек Авиакасса,2026-01,0.0,244111.51,244111.51,0.0,0.0,-499913.52999999997,-499913.52999999997,0.0,-255802.01999999996,-255802.01999999996,-255802.01999999996,0.0,0.0,False
Жибек Авиакасса,2026-02,244111.51,133304.31,-110807.2,0.0,-499913.52999999997,-558686.44,-58772.90999999996,-255802.01999999996,-425382.12999999995,-169580.11,-169580.10999999996,-2.9103830456733704e-11,0.0,False
Жибек Авиакасса,2026-03,133304.31,507004.26,373699.95,0.0,-558686.4400000002,-978985.8500000001,-420299.4099999999,-425382.1300000002,-471981.5900000001,-46599.459999999905,-46599.459999999905,0.0,0.0,False
Жибек Авиакасса,2026-04,507004.26,56903.0,-450101.26,0.0,-978985.8499999999,-471606.35,507379.49999999994,-471981.58999999985,-414703.35,57278.239999999874,57278.23999999993,-5.820766091346741e-11,0.0,False
Жибек Авиакасса,2026-05,56903.0,589598.15,532695.15,0.0,-471606.3499999997,-976321.2799999997,-504714.93,-414703.3499999997,-386723.12999999966,27980.22000000003,27980.22000000003,0.0,0.0,False
Жибек Авиакасса,2026-06,589598.15,449807.42,-139790.72999999998,-5.820766091346741e-11,-976321.2799999998,-834388.9499999998,141932.33,-386723.1299999998,-384581.52999999985,2141.5999999999185,2141.5999999999476,-2.9103830456733704e-11,0.0,False
Жибек Авиакасса,2026-07,449807.42,676614.53,226807.11000000002,0.0,-834388.9500000001,-1372100.29,-537711.34,-384581.5300000001,-695485.76,-310904.2299999999,-310904.23,5.820766091346741e-11,0.0,False
Жибек Вояж,2026-01,0.0,33862.8,33862.8,0.0,0.0,-33011.69,-33011.69,0.0,851.1100000000006,851.1100000000006,851.1100000000006,0.0,0.0,False
Жибек Вояж,2026-02,33862.8,-177078.86,-210941.66,0.0,-33011.69,177929.97,210941.66,851.1100000000006,851.1100000000151,1.4551915228366852e-11,0.0,1.4551915228366852e-11,0.0,False
Жибек Вояж,2026-03,-177078.86,-197796.96,-20718.100000000006,0.0,177929.96999999994,-4951.930000000048,-182881.9,851.1099999999569,-202748.89000000004,-203600.0,-203600.0,0.0,0.0,False
Жибек Вояж,2026-05,106851.1,305894.87,199043.77000000002,0.0,-309740.57000000007,-537635.8200000001,-227895.25000000003,-202889.47000000006,-231740.95000000007,-28851.48000000001,-28851.48000000001,0.0,304648.06,False
Жибек Вояж,2026-06,305894.87,711174.32,405279.45,-1.1641532182693481e-10,-537635.8200000001,-941268.2700000001,-403632.45,-231740.95000000007,-230093.9500000002,1646.9999999998836,1646.9999999998836,0.0,0.0,False
Жибек Вояж,2026-07,711174.32,51186.04,-659988.28,8.003553375601768e-11,-941268.2700000001,-232896.9900000001,708371.28,-230093.9500000002,-181710.9500000001,48383.00000000009,48383.00000000012,-2.9103830456733704e-11,0.0,False
Жибек Эйр,2026-01,-165084.59,-1880498.41,-1715413.82,2.3283064365386963e-10,418797.0800000001,1840768.2200000002,1421971.1400000001,253712.49000000008,-39730.18999999971,-293442.6799999998,-293442.6799999997,-1.1641532182693481e-10,0.0,False
Жибек Эйр,2026-02,-1880498.41,-2284019.46,-403521.04999999993,0.0,1840768.2199999997,2024045.9299999997,183277.70999999988,-39730.19000000018,-259973.53000000026,-220243.34000000008,-220243.34000000005,-2.9103830456733704e-11,0.0,False
Жибек Эйр,2026-03,-2284019.46,-2196501.14,87518.31999999999,0.0,2024045.93,1936158.0099999998,-87887.92000000007,-259973.53000000003,-260343.13000000035,-369.60000000032596,-369.6000000000786,-2.473825588822365e-10,0.0,False
Жибек Эйр,2026-06,-1316554.76,521511.79,1838066.55,-5.820766091346741e-11,998979.0900000004,-841118.4599999996,-1840097.55,-317575.6699999996,-319606.66999999963,-2031.0000000000582,-2031.0,-5.820766091346741e-11,879946.3800000001,False
Жибек Эйр,2026-07,521511.79,180609.78,-340902.01,2.9103830456733704e-11,-841118.4600000004,-719632.4200000003,121486.04000000012,-319606.67000000045,-539022.6400000002,-219415.9699999998,-219415.96999999988,8.731149137020111e-11,0.0,False
Жолчу кызы А.,2026-01,0.0,-509744.64,-509744.64,0.0,0.0,455744.64,455744.64,0.0,-54000.0,-54000.0,-54000.0,0.0,0.0,False
Жолчу кызы А.,2026-02,-509744.64,-1305227.27,-795482.63,0.0,455744.64000000013,1219514.47,763769.8299999998,-53999.99999999988,-85712.80000000005,-31712.800000000163,-31712.800000000163,0.0,0.0,False
Жолчу кызы А.,2026-03,-1305227.27,-1322931.38,-17704.109999999986,0.0,1219514.47,909359.3799999999,-310155.09,-85712.80000000005,-413572.0,-327859.19999999995,-327859.2,5.820766091346741e-11,0.0,False
Жолчу кызы А.,2026-04,-1322931.38,-827848.31,495083.07,-2.3283064365386963e-10,909359.38,268076.31000000006,-641283.07,-413571.9999999999,-559772.0,-146200.00000000012,-146200.00000000017,5.820766091346741e-11,0.0,False
Жолчу кызы А.,2026-05,-827848.31,-534280.46,293567.85,1.1641532182693481e-10,268076.30999999994,-58467.6399999999,-326543.94999999984,-559772.0000000001,-592748.0999999999,-32976.099999999744,-32976.099999999744,0.0,0.0,False
Жолчу кызы А.,2026-07,-1125552.11,-1008369.14,117182.96999999999,1.1641532182693481e-10,529913.17,-46058.59999999998,-575971.77,-595638.9400000001,-1054427.74,-458788.79999999993,-458788.79999999993,0.0,-591271.6500000001,False
Жумабек кызы Умут,2026-01,-642211.28,-625918.35,16292.930000000008,0.0,557007.1799999999,525163.25,-31843.929999999993,-85204.1000000001,-100755.09999999998,-15550.999999999884,-15550.999999999985,1.0186340659856796e-10,0.0,False
Жумабек кызы Умут,2026-02,-625918.35,-510503.52,115414.83,-5.820766091346741e-11,525163.25,411548.42,-113614.83,-100755.09999999998,-98955.10000000003,1799.9999999999418,1799.9999999999418,0.0,0.0,False
Жумабек кызы Умут,2026-03,-510503.52,-597053.12,-86549.60000000002,0.0,411548.42,453098.02,41549.600000000035,-98955.10000000003,-143955.09999999998,-44999.99999999994,-44999.999999999985,4.3655745685100555e-11,0.0,False
Жумабек кызы Умут,2026-04,-592253.12,-547286.96,44966.159999999996,0.0,453098.02,408040.12,-45057.9,-139155.09999999998,-139246.83999999997,-91.73999999999069,-91.74000000000524,1.4551915228366852e-11,4800.0,True
Жумабек кызы Умут,2026-05,-547286.96,-148970.0,398316.96,-5.820766091346741e-11,408040.12,9521.819999999949,-398518.30000000005,-139246.83999999997,-139448.18000000005,-201.34000000008382,-201.34000000008382,0.0,0.0,False
Жумабек кызы Умут,2026-06,-148970.0,-58266.26,90703.73999999999,7.275957614183426e-12,9521.819999999949,-109542.92000000004,-119064.73999999999,-139448.18000000005,-167809.18000000005,-28361.0,-28361.0,0.0,0.0,False
Жумабек кызы Умут,2026-07,-58266.26,-587623.33,-529357.07,0.0,-109542.92000000027,419814.1499999999,529357.0700000002,-167809.18000000028,-167809.18000000005,2.3283064365386963e-10,2.3283064365386963e-10,0.0,0.0,False
ИП Абдылдаова У. О.,2026-01,586183.44,406431.65,-179751.78999999998,5.820766091346741e-11,-586183.44,-756665.24,-170481.8,0.0,-350233.58999999997,-350233.58999999997,-350233.5899999999,-5.820766091346741e-11,0.0,False
ИП Абдылдаова У. О.,2026-02,406431.65,598392.89,191961.24,0.0,-756665.2399999999,-948577.8799999999,-191912.63999999998,-350233.58999999985,-350184.9899999999,48.59999999997672,48.60000000000582,-2.9103830456733704e-11,0.0,False
ИП Абдылдаова У. О.,2026-03,598392.89,437037.29,-161355.6,-5.820766091346741e-11,-948577.88,-787269.08,161308.80000000002,-350184.99,-350231.79,-46.79999999998836,-46.800000000046566,5.820766091346741e-11,0.0,False
ИП Абдылдаова У. О.,2026-04,437037.29,749496.52,312459.23,0.0,-787269.0800000001,-1099728.31,-312459.23,-350231.7900000001,-350231.79000000004,5.820766091346741e-11,0.0,5.820766091346741e-11,0.0,False
ИП Абдылдаова У. О.,2026-05,749496.52,1468701.36,719204.84,2.3283064365386963e-10,-1099728.3099999996,-1818933.15,-719204.8400000002,-350231.7899999996,-350231.7899999998,-2.3283064365386963e-10,0.0,-2.3283064365386963e-10,0.0,False
ИП Абдылдаова У. О.,2026-06,1468701.36,625987.68,-842713.68,0.0,-1818933.15,-1342747.3699999999,476185.78,-350231.7899999998,-716759.6899999998,-366527.9,-366527.9,0.0,0.0,False
ИП Абдылдаова У. О.,2026-07,625987.68,650355.68,24367.99999999999,0.0,-1342747.37,-1379753.77,-37006.40000000001,-716759.6900000001,-729398.09,-12638.399999999907,-12638.40000000002,1.127773430198431e-10,0.0,False
ИП Абдыраманова Ж. Д.,2026-01,-212688.13,77151.73,289839.86,1.4551915228366852e-11,212688.13,-93062.60000000003,-305750.73000000004,0.0,-15910.870000000039,-15910.870000000039,-15910.870000000054,1.4551915228366852e-11,0.0,False
ИП Абдыраманова Ж. Д.,2026-02,77151.73,-89768.25,-166919.97999999998,-1.4551915228366852e-11,-93062.6,73857.37999999998,166919.97999999998,-15910.87000000001,-15910.870000000024,-1.4551915228366852e-11,0.0,-1.4551915228366852e-11,0.0,False
ИП Абдыраманова Ж. Д.,2026-03,-89768.25,111765.65,201533.90000000002,-2.9103830456733704e-11,73857.38,-95421.71000000002,-169279.09000000003,-15910.869999999995,16343.939999999973,32254.80999999997,32254.80999999997,0.0,0.0,False
ИП Абдыраманова Ж. Д.,2026-04,111765.65,444126.54,332360.89,-5.820766091346741e-11,-95421.70999999996,-427782.6,-332360.89,16343.940000000031,16343.940000000002,-2.9103830456733704e-11,-5.820766091346741e-11,2.9103830456733704e-11,0.0,False
ИП Абдыраманова Ж. Д.,2026-05,444126.54,-451765.53,-895892.07,-5.820766091346741e-11,-427782.6,468109.47,895892.07,16343.940000000002,16343.939999999944,-5.820766091346741e-11,-1.1641532182693481e-10,5.820766091346741e-11,0.0,False
ИП Абдыраманова Ж. Д.,2026-06,-451765.53,-489424.35,-37658.82000000001,5.820766091346741e-11,468109.47,583061.73,114952.26000000001,16343.939999999944,93637.38,77293.44000000006,77293.44000000006,0.0,0.0,False
ИП Абдыраманова Ж. Д.,2026-07,-489424.35,-147422.86,342001.49,0.0,583061.73,90318.23999999985,-492743.49000000017,93637.38,-57104.62000000014,-150742.00000000015,-150742.00000000017,2.9103830456733704e-11,0.0,False
ИП Асанов К. Б.,2026-01,0.0,-50110.52,-50110.51999999999,-7.275957614183426e-12,0.0,50102.130000000005,50102.130000000005,0.0,-8.389999999992142,-8.389999999992142,-8.389999999992142,0.0,0.0,False
ИП Асанов К. Б.,2026-03,-37243.37,-129168.64,-91925.27000000002,1.4551915228366852e-11,34534.979999999894,126108.50999999992,91573.53000000003,-2708.3900000001086,-3060.1300000000774,-351.73999999996886,-351.73999999997613,7.275957614183426e-12,12867.149999999994,False
ИП Асанов К. Б.,2026-04,-129168.64,-804803.14,-675634.5,0.0,126108.50999999978,801743.0099999998,675634.5,-3060.130000000223,-3060.1300000002375,-1.4551915228366852e-11,0.0,-1.4551915228366852e-11,0.0,False
ИП Асанов К. Б.,2026-05,-804803.14,-1399552.45,-594749.31,2.3283064365386963e-10,801743.0099999998,1396492.3199999998,594749.31,-3060.1300000002375,-3060.130000000121,1.1641532182693481e-10,2.3283064365386963e-10,-1.1641532182693481e-10,0.0,False
ИП Асанов К. Б.,2026-06,-1399552.45,-732350.47,667201.98,0.0,1396492.3199999998,441816.46999999974,-954675.85,-3060.130000000121,-290534.00000000023,-287473.8700000001,-287473.87,-1.1641532182693481e-10,0.0,False
ИП Асанов К. Б.,2026-07,-732350.47,-572473.15,159877.32,-1.1641532182693481e-10,441816.4699999999,242578.80999999988,-199237.66000000003,-290534.00000000006,-329894.34000000014,-39360.340000000084,-39360.34000000014,5.820766091346741e-11,0.0,False
ИП Бейшенова Д. О.,2026-01,0.0,424575.31,424575.31,0.0,0.0,-449377.31000000006,-449377.31000000006,0.0,-24802.00000000006,-24802.00000000006,-24802.00000000006,0.0,0.0,False
ИП Бейшенова Д. О.,2026-02,424575.31,802644.47,378069.1599999999,0.0,-449377.31000000006,-902080.21,-452702.8999999999,-24802.00000000006,-99435.73999999999,-74633.73999999993,-74633.73999999999,5.820766091346741e-11,0.0,False
ИП Бейшенова Д. О.,2026-03,802644.47,311606.32,-491038.15,5.820766091346741e-11,-902080.21,22815.540000000037,924895.75,-99435.73999999999,334421.86000000004,433857.60000000003,433857.60000000003,0.0,0.0,False
ИП Бейшенова Д. О.,2026-04,311606.32,751054.23,439447.91000000003,0.0,22815.540000000095,-416599.01999999984,-439414.55999999994,334421.8600000001,334455.21000000014,33.350000000034925,33.35000000009313,-5.820766091346741e-11,0.0,False
ИП Бейшенова Д. О.,2026-05,751054.23,501626.66,-249427.57000000004,5.820766091346741e-11,-416599.0200000001,-613847.4500000001,-197248.43,334455.2099999999,-112220.7900000001,-446676.0,-446676.0,0.0,0.0,False
ИП Бейшенова Д. О.,2026-06,501626.66,-425341.85,-926968.51,5.820766091346741e-11,-613847.4500000001,83643.53999999992,697490.99,-112220.7900000001,-341698.31000000006,-229477.51999999996,-229477.52000000002,5.820766091346741e-11,0.0,False
ИП Бейшенова Д. О.,2026-07,-425341.85,-53865.04,371476.81,-2.1827872842550278e-11,83643.54000000004,-323536.4399999998,-407179.97999999986,-341698.30999999994,-377401.4799999998,-35703.16999999987,-35703.16999999987,0.0,0.0,False
ИП Джолдошов Д. У.,2026-01,896343.14,851355.47,-44987.669999999984,0.0,-896343.1399999999,-1071555.47,-175212.33000000002,1.1641532182693481e-10,-220200.0,-220200.00000000012,-220200.0,-1.1641532182693481e-10,0.0,False
ИП Джолдошов Д. У.,2026-02,851355.47,1018875.78,167520.31,0.0,-1071555.47,-1239075.78,-167520.31000000003,-220200.0,-220200.0,0.0,-2.9103830456733704e-11,2.9103830456733704e-11,0.0,False
ИП Джолдошов Д. У.,2026-03,1018875.78,1219232.77,200356.99000000002,0.0,-1239075.78,-1443701.27,-204625.49000000002,-220200.0,-224468.5,-4268.5,-4268.5,0.0,0.0,False
ИП Джолдошов Д. У.,2026-04,1219232.77,917842.52,-301390.25,0.0,-1443701.27,-1298211.02,145490.25,-224468.5,-380368.5,-155900.0,-155900.0,0.0,0.0,False
ИП Джолдошов Д. У.,2026-05,917842.52,1214156.94,296314.42000000004,0.0,-1298211.02,-1754325.44,-456114.4199999999,-380368.5,-540168.5,-159800.0,-159799.99999999988,-1.1641532182693481e-10,0.0,False
ИП Джолдошов Д. У.,2026-06,1214156.94,954946.71,-259210.22999999995,0.0,-1754325.44,-1495115.21,259210.22999999992,-540168.5,-540168.5,0.0,-2.9103830456733704e-11,2.9103830456733704e-11,0.0,False
ИП Джолдошов Д. У.,2026-07,954946.71,953028.45,-1918.2600000000093,0.0,-1495115.2100000002,-1486264.9500000002,8850.260000000024,-540168.5000000002,-533236.5000000002,6932.0,6932.000000000015,-1.4551915228366852e-11,0.0,False
ИП Жумабекова Б. Н.,2026-01,-156167.01,-182280.87,-26113.86,0.0,156167.00999999998,198240.12999999998,42073.119999999995,-2.9103830456733704e-11,15959.25999999998,15959.26000000001,15959.259999999995,1.4551915228366852e-11,0.0,False
ИП Жумабекова Б. Н.,2026-02,-182280.87,-185566.61,-3285.7399999999907,0.0,198240.12999999995,181930.31999999998,-16309.809999999983,15959.259999999951,-3636.290000000008,-19595.54999999996,-19595.549999999974,1.4551915228366852e-11,0.0,False
ИП Жумабекова Б. Н.,2026-03,-185566.61,81921.7,267488.30999999994,4.3655745685100555e-11,181930.31999999998,-61129.99000000002,-243060.31,-3636.290000000008,20791.709999999977,24427.999999999985,24428.0,-1.4551915228366852e-11,0.0,False
ИП Жумабекова Б. Н.,2026-04,81921.7,-549484.64,-631406.34,0.0,-61129.99000000008,248954.70999999993,310084.7,20791.70999999992,-300529.93000000005,-321321.63999999996,-321321.63999999996,0.0,0.0,False
ИП Жумабекова Б. Н.,2026-06,-720137.77,-286567.26,433570.51,0.0,419607.8399999998,-17812.68000000011,-437420.5199999999,-300529.9300000002,-304379.9400000001,-3850.009999999893,-3850.009999999893,0.0,-170653.13,False
ИП Жумабекова Б. Н.,2026-07,-3258.27,9057.66,12315.929999999993,7.275957614183426e-12,-17812.68000000014,-30128.61000000013,-12315.929999999993,-21070.95000000014,-21070.95000000013,7.275957614183426e-12,7.275957614183426e-12,0.0,283308.99,True
ИП Мамбетова Ч. Э.,2026-01,0.0,459524.5,459524.5,0.0,0.0,-463701.1,-463701.1,0.0,-4176.599999999977,-4176.599999999977,-4176.599999999977,0.0,0.0,False
ИП Мамбетова Ч. Э.,2026-02,459524.5,427671.57,-31852.929999999986,0.0,-463701.10000000003,-605948.17,-142247.07,-4176.600000000035,-178276.60000000003,-174100.0,-174100.0,0.0,0.0,False
ИП Мамбетова Ч. Э.,2026-03,427671.57,230799.51,-196872.06,0.0,-605948.1699999999,-409292.94999999995,196655.21999999997,-178276.59999999992,-178493.43999999994,-216.8400000000256,-216.8400000000256,0.0,0.0,False
ИП Мамбетова Ч. Э.,2026-04,338356.61,-191030.04,-529386.65,2.9103830456733704e-11,-409292.95,117494.09000000003,526787.04,-70936.34000000003,-73535.94999999998,-2599.609999999957,-2599.609999999986,2.9103830456733704e-11,107557.09999999998,True
ИП Мамбетова Ч. Э.,2026-05,-191030.04,-454161.84,-263131.8,-5.820766091346741e-11,117494.09000000003,380625.8900000001,263131.80000000005,-73535.94999999998,-73535.94999999995,2.9103830456733704e-11,0.0,2.9103830456733704e-11,0.0,False
ИП Мамбетова Ч. Э.,2026-06,-454161.84,-79738.54,374423.3,4.3655745685100555e-11,380625.89000000013,-18475.56999999989,-399101.46,-73535.9499999999,-98214.10999999988,-24678.15999999999,-24678.159999999974,-1.4551915228366852e-11,0.0,False
ИП Мамбетова Ч. Э.,2026-07,-79738.54,167494.83,247233.37,-2.9103830456733704e-11,-18475.56999999989,-270016.73999999993,-251541.17000000004,-98214.10999999988,-102521.90999999995,-4307.800000000061,-4307.800000000076,1.4551915228366852e-11,0.0,False
ИП Муратов Э. У.,2026-01,-696130.08,-1144319.2,-448189.12,0.0,696130.0800000001,925690.78,229560.7,1.1641532182693481e-10,-218628.41999999993,-218628.42000000004,-218628.41999999998,-5.820766091346741e-11,0.0,False
ИП Муратов Э. У.,2026-02,-1144319.2,-1595585.28,-451266.07999999996,-2.3283064365386963e-10,925690.78,1055696.58,130005.80000000002,-218628.41999999993,-539888.7,-321260.28,-321260.28000000014,1.1641532182693481e-10,0.0,False
ИП Муратов Э. У.,2026-04,-1902113.07,-2528118.92,-626005.8500000001,0.0,1362387.6400000001,1998393.4900000002,636005.85,-539725.4299999999,-529725.4299999997,10000.000000000233,9999.999999999884,3.4924596548080444e-10,-306527.79000000004,False
ИП Муратов Э. У.,2026-05,-2528118.92,-1998788.05,529330.87,-2.3283064365386963e-10,1998393.4899999995,1509350.6399999997,-489042.8499999999,-529725.4300000004,-489437.4100000004,40288.02000000002,40288.019999999844,1.7462298274040222e-10,0.0,False
ИП Муратов Э. У.,2026-06,-1998788.05,-2564428.13,-565640.0800000001,0.0,1509350.6399999997,2065618.7599999998,556268.12,-489437.4100000004,-498809.3700000001,-9371.95999999973,-9371.96000000008,3.4924596548080444e-10,0.0,False
ИП Муратов Э. У.,2026-07,-2564428.13,-1650892.91,913535.2200000001,-2.3283064365386963e-10,2065618.7599999998,1152083.5399999996,-913535.2200000003,-498809.3700000001,-498809.37000000034,-2.3283064365386963e-10,-4.656612873077393e-10,2.3283064365386963e-10,0.0,False
ИП Токтосун кызы Н.,2026-01,0.0,-158891.43,-158891.43,0.0,3674160.7,3791222.96,117062.26,3674160.7,3632331.53,-41829.17000000039,-41829.17,-3.92901711165905e-10,0.0,False
ИП Токтосун кызы Н.,2026-03,828216.58,904333.35,76116.76999999995,1.1641532182693481e-10,2711201.01,2072681.16,-638519.85,3539417.59,2977014.51,-562403.0800000001,-562403.08,-1.1641532182693481e-10,987108.01,False
ИП Токтосун кызы Н.,2026-04,904333.35,-397053.83,-1301387.18,-5.820766091346741e-11,2072681.1600000001,3013369.64,940688.4800000001,2977014.5100000002,2616315.81,-360698.7000000002,-360698.69999999984,-3.4924596548080444e-10,0.0,False
ИП Токтосун кызы Н.,2026-05,-397053.83,-1361331.46,-964277.6300000001,2.3283064365386963e-10,3013369.64,3974650.5900000003,961280.9500000002,2616315.81,2613319.1300000004,-2996.679999999702,-2996.679999999702,0.0,0.0,False
ИП Токтосун кызы Н.,2026-06,-1361331.46,-1355339.55,5991.909999999945,0.0,3974650.5900000003,4096603.8400000003,121953.25,2613319.1300000004,2741264.29,127945.15999999968,127945.15999999995,-2.6193447411060333e-10,0.0,False
ИП Токтосун кызы Н.,2026-07,-1355339.55,-788022.79,567316.76,0.0,4096603.84,3529223.24,-567380.5999999999,2741264.29,2741200.45,-63.83999999985099,-63.83999999985099,0.0,0.0,False
ИП Турсунов Т. А.,2026-01,624068.31,54187.85,-569880.46,-9.458744898438454e-11,-624068.31,-264580.6100000001,359487.69999999995,0.0,-210392.7600000001,-210392.7600000001,-210392.76000000013,2.9103830456733704e-11,0.0,False
ИП Турсунов Т. А.,2026-02,54187.85,334375.42,280187.57,0.0,-264580.6100000001,-544768.18,-280187.56999999995,-210392.7600000001,-210392.76000000007,2.9103830456733704e-11,5.820766091346741e-11,-2.9103830456733704e-11,0.0,False
ИП Турсунов Т. А.,2026-03,334375.42,-328682.82,-663058.24,0.0,-544768.1800000004,118290.05999999959,663058.24,-210392.76000000042,-210392.76000000042,0.0,0.0,0.0,0.0,False
ИП Турсунов Т. А.,2026-04,-328682.82,-39417.37,289265.45,-7.275957614183426e-12,118290.0599999997,-170975.3900000003,-289265.45,-210392.7600000003,-210392.7600000003,0.0,0.0,0.0,0.0,False
ИП Турсунов Т. А.,2026-05,-39417.37,358168.87,397586.24,0.0,-170975.39000000025,-858061.6300000002,-687086.24,-210392.76000000024,-499892.76000000024,-289500.0,-289500.0,0.0,0.0,False
ИП Турсунов Т. А.,2026-06,358168.87,222812.16,-135356.71,0.0,-858061.6300000002,-722704.9200000003,135356.71,-499892.76000000024,-499892.76000000024,0.0,0.0,0.0,0.0,False
ИП Турсунов Т. А.,2026-07,222812.16,116774.82,-106037.33999999998,-1.4551915228366852e-11,-722704.9200000004,-616667.5800000004,106037.33999999998,-499892.76000000036,-499892.7600000004,-5.820766091346741e-11,-1.4551915228366852e-11,-4.3655745685100555e-11,0.0,False
ИП Элдиярова А. Ч.,2026-01,0.0,397000.89,397000.89,0.0,0.0,-397000.89,-397000.89,0.0,0.0,0.0,0.0,0.0,0.0,False
ИП Элдиярова А. Ч.,2026-02,397000.89,461530.89,64530.0,0.0,-397000.88999999996,-461530.88999999996,-64530.0,5.820766091346741e-11,5.820766091346741e-11,0.0,0.0,0.0,0.0,False
ИП Элдиярова А. Ч.,2026-03,461530.89,441925.62,-19605.269999999997,0.0,-461530.89,-600425.62,-138894.73,0.0,-158500.0,-158500.0,-158500.0,0.0,0.0,False
ИП Элдиярова А. Ч.,2026-04,441925.62,502267.1,60341.48000000001,0.0,-600425.6199999998,-660767.0999999999,-60341.480000000054,-158499.99999999977,-158499.99999999988,-1.1641532182693481e-10,-4.3655745685100555e-11,-7.275957614183426e-11,0.0,False
ИП Элдиярова А. Ч.,2026-05,502267.1,493729.36,-8537.740000000042,5.820766091346741e-11,-660767.1000000001,-652229.3600000001,8537.740000000042,-158500.00000000012,-158500.00000000012,0.0,5.820766091346741e-11,-5.820766091346741e-11,0.0,False
ИП Элдиярова А. Ч.,2026-06,493729.36,135121.87,-358607.49,0.0,-652229.3600000001,-292512.9700000001,359716.39,-158500.00000000012,-157391.1000000001,1108.9000000000233,1108.9000000000233,0.0,0.0,False
ИП Элдиярова А. Ч.,2026-07,135121.87,-169380.44,-304502.31,0.0,-292512.97000000003,11989.339999999967,304502.31,-157391.10000000003,-157391.10000000003,0.0,0.0,0.0,0.0,False
ИССЫК ТРИП,2026-01,0.0,-572828.38,-572828.38,0.0,0.0,200164.03000000003,200164.03000000003,0.0,-372664.35,-372664.35,-372664.35,0.0,0.0,False
ИССЫК ТРИП,2026-03,-2851740.31,-4652126.22,-1800385.9100000001,9.313225746154785e-10,2026784.4899999993,3015761.65,988977.1600000005,-824955.8200000008,-1636364.5699999998,-811408.7499999991,-811408.7499999987,-3.4924596548080444e-10,-2278911.93,False
ИССЫК ТРИП,2026-04,-4652126.22,-6194443.17,-1542316.95,0.0,3015761.650000001,4229599.090000001,1213837.44,-1636364.569999999,-1964844.0799999991,-328479.51000000024,-328479.51,-2.3283064365386963e-10,0.0,False
ИССЫК ТРИП,2026-05,-6194443.17,-5012047.38,1182395.79,0.0,4229599.090000001,3390824.8700000006,-838774.2199999999,-1964844.0799999991,-1621222.5099999993,343621.56999999983,343621.5700000002,-3.4924596548080444e-10,0.0,False
ИССЫК ТРИП,2026-06,-5012047.38,-3572619.35,1439428.03,-4.656612873077393e-10,3390824.87,2028206.42,-1362618.45,-1621222.5099999998,-1544412.9300000002,76809.57999999961,76809.57999999961,0.0,0.0,False
ИССЫК ТРИП,2026-07,-3572619.35,-2746706.44,825912.91,0.0,2028206.4200000004,767199.1400000006,-1261007.2799999998,-1544412.9299999997,-1979507.2999999993,-435094.36999999965,-435094.36999999976,1.1641532182693481e-10,0.0,False
Иссык Вояж,2026-01,804452.07,1114944.12,310492.05,2.3283064365386963e-10,-912111.26,-1222603.31,-310492.05000000005,-107659.19000000006,-107659.18999999994,1.1641532182693481e-10,1.7462298274040222e-10,-5.820766091346741e-11,0.0,False
Иссык Вояж,2026-02,1114944.12,325822.17,-789121.95,-1.7462298274040222e-10,-1222603.31,-433481.36,789121.95,-107659.18999999994,-107659.19,-5.820766091346741e-11,-2.3283064365386963e-10,1.7462298274040222e-10,0.0,False
Иссык Вояж,2026-03,325822.17,673941.59,348119.42,0.0,-433481.36000000004,-781600.78,-348119.42,-107659.19000000006,-107659.19000000006,0.0,0.0,0.0,0.0,False
Иссык Вояж,2026-04,673941.59,785995.92,112054.33,1.1641532182693481e-10,-781600.78,-893655.11,-112054.32999999999,-107659.19000000006,-107659.18999999994,1.1641532182693481e-10,1.3096723705530167e-10,-1.4551915228366852e-11,0.0,False
Иссык Вояж,2026-05,785995.92,670321.99,-115673.93,0.0,-893655.1100000001,-828994.0000000001,64661.11000000001,-107659.19000000006,-158672.01000000013,-51012.820000000065,-51012.819999999985,-8.003553375601768e-11,0.0,False
Иссык Вояж,2026-06,670321.99,775290.27,104968.28,0.0,-828994.0000000001,-933962.2800000001,-104968.27999999998,-158672.01000000013,-158672.01000000013,0.0,1.4551915228366852e-11,-1.4551915228366852e-11,0.0,False
Иссык Вояж,2026-07,775290.27,915481.52,140191.25,0.0,-933962.2800000003,-1065404.8900000001,-131442.60999999993,-158672.01000000024,-149923.3700000001,8748.64000000013,8748.640000000072,5.820766091346741e-11,0.0,False
КУТ ЭЙР,2026-01,0.0,52335.21,52335.21,0.0,350463.58,165483.96,-184979.62000000002,350463.58,217819.16999999998,-132644.41000000003,-132644.41000000003,0.0,0.0,False
КУТ ЭЙР,2026-02,52335.21,-269373.45,-321708.66000000003,0.0,165483.96,172592.62,7108.66,217819.16999999998,-96780.83000000002,-314600.0,-314600.00000000006,5.820766091346741e-11,0.0,False
КУТ ЭЙР,2026-03,-269373.45,527832.52,797205.97,0.0,172592.62,-757351.26,-929943.88,-96780.83000000002,-229518.74,-132737.90999999997,-132737.91000000003,5.820766091346741e-11,0.0,False
КУТ ЭЙР,2026-04,527832.52,-394564.72,-922397.24,0.0,-757351.2599999998,-109254.01999999996,648097.2399999998,-229518.73999999976,-503818.73999999993,-274300.0000000002,-274300.00000000023,5.820766091346741e-11,0.0,False
КУТ ЭЙР,2026-05,-394564.72,-634645.87,-240081.15000000002,0.0,-109254.0200000002,130827.12999999971,240081.1499999999,-503818.74000000017,-503818.7400000003,-1.1641532182693481e-10,-1.1641532182693481e-10,0.0,0.0,False
КУТ ЭЙР,2026-06,-634645.87,-872063.82,-237417.94999999998,0.0,130827.13000000041,314113.97000000026,183286.83999999985,-503818.7399999996,-557949.8499999996,-54131.110000000044,-54131.11000000013,8.731149137020111e-11,0.0,False
КУТ ЭЙР,2026-07,-872063.82,-379422.9,492640.92,-5.820766091346741e-11,314113.96999999974,-593727.7200000002,-907841.69,-557949.8500000002,-973150.6200000002,-415200.77,-415200.77,0.0,0.0,False
Кадырова Айнура Жумабекевна,2026-01,129623.25,-483073.76,-612697.01,0.0,-129623.25,483073.76,612697.01,0.0,0.0,0.0,0.0,0.0,0.0,False
Кадырова Айнура Жумабекевна,2026-02,-483073.76,-130476.93,352596.82999999996,5.820766091346741e-11,483073.7600000001,-183537.5199999998,-666611.2799999999,1.1641532182693481e-10,-314014.4499999998,-314014.4499999999,-314014.4499999999,0.0,0.0,False
Кадырова Айнура Жумабекевна,2026-03,-130476.93,-1455924.9,-1325447.97,0.0,-183537.51999999996,123387.20000000013,306924.7200000001,-314014.44999999995,-1332537.6999999997,-1018523.2499999998,-1018523.2499999999,1.1641532182693481e-10,0.0,False
Кадырова Айнура Жумабекевна,2026-04,-1483424.9,-1231088.83,252336.07000000004,-2.3283064365386963e-10,123387.20000000042,-139205.86999999965,-262593.07000000007,-1360037.6999999995,-1370294.6999999997,-10257.000000000233,-10257.000000000262,2.9103830456733704e-11,-27500.0,True
Кадырова Айнура Жумабекевна,2026-05,-1231088.83,-1489130.84,-258042.0099999999,-2.3283064365386963e-10,-139205.87000000002,-189094.02,-49888.149999999965,-1370294.7000000002,-1678224.86,-307930.1599999999,-307930.1600000001,1.7462298274040222e-10,0.0,False
Кадырова Айнура Жумабекевна,2026-06,-1489130.84,-1324989.68,164141.15999999997,2.3283064365386963e-10,-189094.01999999976,-372170.15999999974,-183076.13999999998,-1678224.8599999999,-1697159.8399999996,-18934.97999999975,-18934.979999999778,2.9103830456733704e-11,0.0,False
Кадырова Айнура Жумабекевна,2026-07,-1324989.68,-1911844.62,-586854.94,-2.3283064365386963e-10,-372170.1599999997,-42298.289999999746,329871.86999999994,-1697159.8399999996,-1954142.91,-256983.0700000003,-256983.07000000024,-5.820766091346741e-11,0.0,False
Кенешова Чолпон Таалайовна,2026-01,-590947.04,-606380.4,-15433.36,0.0,590947.04,705922.04,114975.00000000006,0.0,99541.64000000001,99541.64000000001,99541.64000000006,-4.3655745685100555e-11,0.0,False
Кенешова Чолпон Таалайовна,2026-02,-606380.4,-454182.77,152197.63,0.0,705922.0400000003,254582.7300000002,-451339.31,99541.64000000025,-199600.0399999998,-299141.68000000005,-299141.68,-5.820766091346741e-11,0.0,False
Кенешова Чолпон Таалайовна,2026-03,-454182.77,-849914.35,-395731.5800000001,1.1641532182693481e-10,254582.73000000016,618947.5100000001,364364.77999999997,-199600.03999999986,-230966.83999999985,-31366.79999999999,-31366.79999999999,0.0,0.0,False
Кенешова Чолпон Таалайовна,2026-04,-849914.35,-858488.77,-8574.419999999998,0.0,618947.51,627521.93,8574.419999999984,-230966.83999999997,-230966.83999999997,0.0,-1.4551915228366852e-11,1.4551915228366852e-11,0.0,False
Кенешова Чолпон Таалайовна,2026-05,-858488.77,-527860.03,330628.74000000005,0.0,627521.9300000002,256748.2200000001,-370773.71,-230966.83999999985,-271111.80999999994,-40144.97000000009,-40144.96999999997,-1.1641532182693481e-10,0.0,False
Кенешова Чолпон Таалайовна,2026-06,-527860.03,-907509.65,-379649.62,0.0,256748.2200000002,636397.8400000001,379649.6199999999,-271111.8099999998,-271111.80999999994,-1.1641532182693481e-10,-1.1641532182693481e-10,0.0,0.0,False
Кенешова Чолпон Таалайовна,2026-07,-907509.65,-1013768.56,-106258.90999999999,0.0,636397.8400000001,684388.9300000002,47991.090000000026,-271111.80999999994,-329379.6299999999,-58267.81999999995,-58267.81999999996,1.4551915228366852e-11,0.0,False
МУРАС ТРИП,2026-01,476952.89,-343004.23,-819957.1200000001,1.1641532182693481e-10,-2607831.71,-2208674.59,399157.12,-2130878.82,-2551678.82,-420800.0,-420800.0,0.0,0.0,False
МУРАС ТРИП,2026-02,-343004.23,-520266.64,-177262.41000000003,0.0,-2208674.5900000003,-2242412.18,-33737.58999999998,-2551678.8200000003,-2762678.8200000003,-211000.0,-211000.0,0.0,0.0,False
МУРАС ТРИП,2026-03,-520266.64,-154560.58,365706.06,2.9103830456733704e-11,-2242412.1799999997,-2608118.2399999998,-365706.06000000006,-2762678.82,-2762678.82,0.0,0.0,0.0,0.0,False
МУРАС ТРИП,2026-04,-154560.58,-313474.63,-158914.05000000002,0.0,-2608118.2399999998,-2790741.55,-182623.30999999994,-2762678.82,-3104216.1799999997,-341537.35999999987,-341537.36,1.1641532182693481e-10,0.0,False
МУРАС ТРИП,2026-05,-313474.63,-119011.97,194462.66,0.0,-2790741.55,-3004562.7399999998,-213821.19,-3104216.1799999997,-3123574.71,-19358.53000000026,-19358.53,-2.6193447411060333e-10,0.0,False
МУРАС ТРИП,2026-07,475446.34,265155.7,-210290.64,0.0,-3599021.05,-3483565.9099999997,115455.14000000003,-3123574.71,-3218410.2099999995,-94835.49999999953,-94835.49999999999,4.511093720793724e-10,594458.31,False
Мамбет уулу Чынгыз,2026-01,208685.52,-584449.21,-793134.73,0.0,-94069.22999999998,699675.6000000001,793744.8300000001,114616.29000000001,115226.39000000013,610.1000000001222,610.1000000000931,2.9103830456733704e-11,0.0,False
Мамбет уулу Чынгыз,2026-02,-584449.21,-763442.63,-178993.41999999998,-1.1641532182693481e-10,699675.6,884923.34,185247.74,115226.39000000001,121480.70999999996,6254.319999999949,6254.319999999891,5.820766091346741e-11,0.0,False
Мамбет уулу Чынгыз,2026-03,-763442.63,-899998.79,-136556.16000000003,0.0,884923.34,967479.5,82556.16,121480.70999999996,67480.70999999996,-54000.0,-54000.00000000003,2.9103830456733704e-11,0.0,False
Мамбет уулу Чынгыз,2026-04,-899998.79,-1019226.18,-119227.39,0.0,967479.4999999999,1086706.89,119227.39000000001,67480.70999999985,67480.70999999985,0.0,1.4551915228366852e-11,-1.4551915228366852e-11,0.0,False
Мамбет уулу Чынгыз,2026-05,-1019226.18,-558067.11,461159.07,1.1641532182693481e-10,1086706.8900000001,625409.36,-461297.5300000001,67480.71000000008,67342.25,-138.46000000007916,-138.45999999996275,-1.1641532182693481e-10,0.0,False
Мамбет уулу Чынгыз,2026-06,-558067.11,408193.73,966260.84,0.0,625409.3599999999,-335695.99,-961105.3499999999,67342.24999999988,72497.73999999999,5155.490000000107,5155.490000000107,0.0,0.0,False
Мамбет уулу Чынгыз,2026-07,408193.73,452408.45,44214.719999999994,5.820766091346741e-11,-335695.99000000017,-379910.7100000002,-44214.720000000016,72497.73999999982,72497.73999999982,0.0,3.637978807091713e-11,-3.637978807091713e-11,0.0,False
Манас Вояж,2026-01,0.0,702216.39,702216.39,0.0,0.0,-700462.35,-700462.35,0.0,1754.0400000000373,1754.0400000000373,1754.0400000000373,0.0,0.0,False
Манас Вояж,2026-02,702216.39,691228.75,-10987.64000000001,0.0,-700462.3500000001,-692530.53,7931.820000000011,1754.0399999999208,-1301.780000000028,-3055.819999999949,-3055.8199999999997,5.093170329928398e-11,0.0,False
Манас Вояж,2026-03,691228.75,701025.44,9796.689999999988,0.0,-692530.5299999999,-700475.7699999999,-7945.2400000000125,-1301.7799999999115,549.6700000000419,1851.4499999999534,1851.4499999999753,-2.1827872842550278e-11,0.0,False
Манас Вояж,2026-04,701025.44,1100813.03,399787.58999999997,2.3283064365386963e-10,-700475.77,-1196648.65,-496172.87999999995,549.6699999999255,-95835.61999999988,-96385.2899999998,-96385.28999999975,-5.820766091346741e-11,0.0,False
Манас Вояж,2026-05,1100813.03,371395.41,-729417.6199999999,-1.7462298274040222e-10,-1196648.6499999997,-458260.78999999975,738387.8599999999,-95835.61999999965,-86865.37999999977,8970.239999999874,8970.239999999758,1.1641532182693481e-10,0.0,False
Манас Вояж,2026-06,371395.41,-19879.59,-391275.0,2.546585164964199e-11,-458260.7899999999,-87397.02999999991,370863.76,-86865.37999999995,-107276.61999999991,-20411.23999999996,-20411.23999999999,2.9103830456733704e-11,0.0,False
Манас Вояж,2026-07,-19879.59,-111699.07,-91819.48000000001,0.0,-87397.02999999994,-37091.62999999989,50305.40000000005,-107276.61999999994,-148790.6999999999,-41514.07999999996,-41514.07999999996,0.0,0.0,False
Манас Тревел,2026-01,0.0,-501192.38,-501192.38000000006,5.820766091346741e-11,1737199.16,1923568.64,186369.47999999992,1737199.16,1422376.2599999998,-314822.90000000014,-314822.9000000001,-5.820766091346741e-11,0.0,False
Манас Тревел,2026-02,-501192.38,-1223137.36,-721944.98,-2.3283064365386963e-10,1923568.6400000001,2645459.54,721890.8999999999,1422376.2600000002,1422322.18,-54.08000000030734,-54.08000000030734,0.0,0.0,False
Манас Тревел,2026-03,-1223137.36,-962297.79,260839.57,0.0,2645459.54,2055283.73,-590175.8099999998,1422322.18,1092985.94,-329336.24,-329336.2399999998,-1.7462298274040222e-10,0.0,False
Манас Тревел,2026-04,-962297.79,-1463952.02,-501654.23000000004,0.0,2055283.73,2252523.6,197239.87000000008,1092985.94,788571.5800000001,-304414.35999999987,-304414.36,1.1641532182693481e-10,0.0,False
Манас Тревел,2026-05,-1463952.02,-702616.44,761335.58,1.1641532182693481e-10,2252523.6000000006,1574884.7600000002,-677638.8400000001,788571.5800000005,872268.3200000003,83696.73999999976,83696.73999999999,-2.3283064365386963e-10,0.0,False
Манас Тревел,2026-06,-702616.44,-1106107.0,-403490.56000000006,0.0,1574884.7600000002,1881063.3600000003,306178.6,872268.3200000003,774956.3600000003,-97311.95999999996,-97311.96000000008,1.1641532182693481e-10,0.0,False
Манас Тревел,2026-07,-1106107.0,85212.65,1191319.65,8.731149137020111e-11,1881063.3599999996,642776.3599999999,-1238286.9999999998,774956.3599999996,727989.0099999999,-46967.349999999744,-46967.34999999986,1.1641532182693481e-10,0.0,False
Манас Тур,2026-01,0.0,-797800.08,-797800.0800000001,1.1641532182693481e-10,195994.52000000002,653578.86,457584.33999999997,195994.52000000002,-144221.21999999997,-340215.74,-340215.74,0.0,0.0,False
Манас Тур,2026-02,-797800.08,-809428.07,-11627.98999999999,0.0,653578.86,665206.85,11627.989999999962,-144221.21999999997,-144221.21999999997,0.0,-2.9103830456733704e-11,2.9103830456733704e-11,0.0,False
Манас Тур,2026-03,-809428.07,-962140.38,-152712.31,-1.1641532182693481e-10,665206.8500000001,818005.2300000001,152798.38000000003,-144221.21999999986,-144135.1499999999,86.06999999994878,86.06999999991967,2.9103830456733704e-11,0.0,False
Манас Тур,2026-04,-962140.38,-1860355.4,-898215.02,0.0,818005.23,1398620.25,580615.02,-144135.15000000002,-461735.1499999999,-317599.9999999999,-317600.0,1.1641532182693481e-10,0.0,False
Манас Тур,2026-05,-1860355.4,-1489684.76,370670.64,-2.3283064365386963e-10,1398620.2500000002,982224.9000000003,-416395.35,-461735.1499999997,-507459.85999999975,-45724.71000000008,-45724.710000000196,1.1641532182693481e-10,0.0,False
Манас Тур,2026-06,-1489684.76,-1649411.81,-159727.05,0.0,982224.9,1141951.95,159727.04999999996,-507459.86,-507459.8600000001,-1.1641532182693481e-10,-2.9103830456733704e-11,-8.731149137020111e-11,0.0,False
Манас Тур,2026-07,-1649411.81,-564441.96,1084969.85,0.0,1141951.9500000002,56982.10000000009,-1084969.85,-507459.85999999987,-507459.85999999987,0.0,0.0,0.0,0.0,False
Манас Туризм,2026-01,0.0,414212.62,414212.62,0.0,0.0,-414212.62,-414212.62,0.0,0.0,0.0,0.0,0.0,0.0,False
Манас Туризм,2026-02,414212.62,259655.76,-154556.86,0.0,-414212.62,-295655.75999999995,118556.86000000002,0.0,-35999.99999999994,-35999.99999999994,-35999.99999999997,2.9103830456733704e-11,0.0,False
Манас Туризм,2026-03,259655.76,493432.3,233776.54,-5.820766091346741e-11,-295655.76,-529358.28,-233702.52000000002,-36000.0,-35925.98000000004,74.01999999996042,74.01999999993131,2.9103830456733704e-11,0.0,False
Манас Туризм,2026-04,493432.3,422440.45,-70991.85,5.820766091346741e-11,-529358.28,-458366.43000000005,70991.85000000003,-35925.98000000004,-35925.98000000004,0.0,8.731149137020111e-11,-8.731149137020111e-11,0.0,False
Манас Туризм,2026-05,422440.45,319670.08,-102770.37,0.0,-458366.43,-386173.1499999999,72193.28000000009,-35925.97999999998,-66503.06999999989,-30577.08999999991,-30577.08999999991,0.0,0.0,False
Манас Туризм,2026-07,441202.53,-199232.29,-640434.8200000001,2.9103830456733704e-11,-504378.85,-98544.03000000003,405834.81999999995,-63176.31999999995,-297776.32000000007,-234600.00000000012,-234600.00000000012,0.0,121532.45000000001,False
Небо Авиа,2026-01,0.0,-1013317.52,-1013317.52,0.0,-53386.52000000002,959931.0000000001,1013317.5200000001,-53386.52000000002,-53386.5199999999,1.1641532182693481e-10,1.1641532182693481e-10,0.0,0.0,False
Небо Авиа,2026-02,-1013317.52,-584085.62,429231.9,0.0,959931.0,530699.1,-429231.9,-53386.52000000002,-53386.52000000002,0.0,0.0,0.0,0.0,False
Небо Авиа,2026-03,-584085.62,-701727.62,-117642.0,0.0,530699.1000000001,648341.1000000001,117642.0,-53386.5199999999,-53386.5199999999,0.0,0.0,0.0,0.0,False
Небо Авиа,2026-04,-701727.62,-636437.15,65290.47,0.0,648341.1000000001,582390.3300000001,-65950.76999999999,-53386.5199999999,-54046.81999999995,-660.3000000000466,-660.2999999999884,-5.820766091346741e-11,0.0,False
Небо Авиа,2026-05,-636437.15,-679603.08,-43165.92999999998,0.0,582390.33,625556.26,43165.93000000004,-54046.820000000065,-54046.81999999995,1.1641532182693481e-10,5.820766091346741e-11,5.820766091346741e-11,0.0,False
Небо Авиа,2026-06,-679603.08,-638217.71,41385.36999999997,0.0,625556.2599999999,584170.8899999999,-41385.36999999997,-54046.820000000065,-54046.820000000065,0.0,0.0,0.0,0.0,False
Небо Авиа,2026-07,-638217.71,-408384.23,229833.48,0.0,584170.89,354337.41000000003,-229833.48,-54046.81999999995,-54046.81999999995,0.0,0.0,0.0,0.0,False
Ниязбеков Кубат Таалайевич,2026-01,-689349.47,-12989.12,676360.35,-5.4569682106375694e-12,277452.89,-398907.45999999996,-676360.35,-411896.57999999996,-411896.57999999996,0.0,0.0,0.0,0.0,False
Ниязбеков Кубат Таалайевич,2026-02,-12989.12,82979.05,95968.17,0.0,-398907.45999999996,-494875.63,-95968.17000000001,-411896.57999999996,-411896.58,-5.820766091346741e-11,-1.4551915228366852e-11,-4.3655745685100555e-11,0.0,False
Ниязбеков Кубат Таалайевич,2026-03,82979.05,153533.25,70554.2,0.0,-494875.62999999995,-582714.94,-87839.31,-411896.57999999996,-429181.68999999994,-17285.109999999986,-17285.11,1.4551915228366852e-11,0.0,False
Ниязбеков Кубат Таалайевич,2026-04,153533.25,60389.69,-93143.56,0.0,-582714.94,-489571.3799999999,93143.56000000003,-429181.68999999994,-429181.6899999999,5.820766091346741e-11,2.9103830456733704e-11,2.9103830456733704e-11,0.0,False
Ниязбеков Кубат Таалайевич,2026-05,60389.69,-262609.32,-322999.01,0.0,-489571.37999999995,-166572.36999999994,322999.01,-429181.68999999994,-429181.68999999994,0.0,0.0,0.0,0.0,False
Ниязбеков Кубат Таалайевич,2026-06,-262609.32,-343163.93,-80554.61000000002,5.820766091346741e-11,-166572.36999999994,-86004.58999999991,80567.78000000004,-429181.68999999994,-429168.5199999999,13.17000000004191,13.170000000085565,-4.3655745685100555e-11,0.0,False
Ниязбеков Кубат Таалайевич,2026-07,-343163.93,-1093080.61,-749916.68,0.0,-86004.58999999985,663912.0900000001,749916.6799999999,-429168.51999999984,-429168.52,-1.7462298274040222e-10,-1.1641532182693481e-10,-5.820766091346741e-11,0.0,False
Ниязбекова Асель Сатаровна,2026-01,0.0,-236129.16,-236129.16,0.0,0.0,170470.47,170470.47,0.0,-65658.69,-65658.69,-65658.69,0.0,0.0,False
Ниязбекова Асель Сатаровна,2026-02,-236129.16,-296552.16,-60423.0,5.820766091346741e-11,170470.47000000003,230893.47000000003,60423.0,-65658.68999999997,-65658.68999999994,2.9103830456733704e-11,5.820766091346741e-11,-2.9103830456733704e-11,0.0,False
Ниязбекова Асель Сатаровна,2026-03,-296552.16,-338224.44,-41672.28000000001,0.0,230893.46999999997,271041.81,40148.340000000026,-65658.69,-67182.63,-1523.9400000000023,-1523.9399999999878,-1.4551915228366852e-11,0.0,False
Ниязбекова Асель Сатаровна,2026-04,-338224.44,179738.75,517963.19,0.0,271041.81,-246921.38,-517963.19,-67182.63,-67182.63,0.0,0.0,0.0,0.0,False
Ниязбекова Асель Сатаровна,2026-05,179738.75,39070.74,-140668.01,7.275957614183426e-12,-246921.38000000003,-100040.0,146881.38000000003,-67182.63000000003,-60969.26,6213.370000000032,6213.370000000024,7.275957614183426e-12,0.0,False
Ниязбекова Асель Сатаровна,2026-06,39070.74,-82471.92,-121542.66,1.4551915228366852e-11,-100040.00000000016,21502.659999999887,121542.66000000005,-60969.26000000016,-60969.26000000011,5.093170329928398e-11,5.820766091346741e-11,-7.275957614183426e-12,0.0,False
Ниязбекова Асель Сатаровна,2026-07,-82471.92,-103252.45,-20780.530000000002,0.0,21502.65999999994,42148.01999999996,20645.36000000002,-60969.26000000005,-61104.43000000004,-135.1699999999837,-135.1699999999837,0.0,0.0,False
ОсОО Ала-Арча Авиа,2026-01,0.0,-29665.92,-29665.920000000013,1.4551915228366852e-11,3582785.68,3612960.18,30174.499999999978,3582785.68,3583294.2600000002,508.5800000000745,508.5799999999799,9.458744898438454e-11,0.0,False
ОсОО Ала-Арча Авиа,2026-02,-29665.92,-669305.61,-639639.69,0.0,3612960.18,4107888.79,494928.61,3583294.2600000002,3438583.18,-144711.08000000007,-144711.07999999996,-1.1641532182693481e-10,0.0,False
ОсОО Ала-Арча Авиа,2026-03,-669305.61,-71781.72,597523.89,-2.9103830456733704e-11,4107888.79,3393940.2600000002,-713948.53,3438583.18,3322158.54,-116424.64000000013,-116424.64000000001,-1.1641532182693481e-10,0.0,False
ОсОО Ала-Арча Авиа,2026-04,-71781.72,-162265.62,-90483.9,0.0,3393940.2600000002,3484424.16,90483.9,3322158.54,3322158.54,0.0,0.0,0.0,0.0,False
ОсОО Ала-Арча Авиа,2026-05,-162265.62,-63528.61,98737.01000000001,-1.4551915228366852e-11,3484424.1600000006,3354494.0000000005,-129930.15999999999,3322158.5400000005,3290965.3900000006,-31193.149999999907,-31193.149999999994,8.731149137020111e-11,0.0,False
ОсОО Ала-Арча Авиа,2026-06,-63528.61,-22417.15,41111.46000000002,-2.1827872842550278e-11,3354494.0,3313382.54,-41111.46000000002,3290965.39,3290965.39,0.0,-2.1827872842550278e-11,2.1827872842550278e-11,0.0,False
ОсОО Ала-Арча Авиа,2026-07,-22417.15,-205194.4,-182777.25,0.0,3313382.54,3277859.79,-35522.74999999997,3290965.39,3072665.39,-218300.0,-218299.99999999997,-2.9103830456733704e-11,0.0,False
ОсОО Ала-Арча Трип,2026-01,0.0,-452077.08,-452077.08,0.0,0.0,452106.31000000006,452106.31000000006,0.0,29.23000000003958,29.23000000003958,29.23000000003958,0.0,0.0,False
ОсОО Ала-Арча Трип,2026-02,-452077.08,-805624.34,-353547.26,1.1641532182693481e-10,452106.31000000006,649453.5700000001,197347.25999999998,29.23000000003958,-156170.7699999999,-156199.99999999994,-156199.9999999999,-2.9103830456733704e-11,0.0,False
ОсОО Ала-Арча Трип,2026-03,-805624.34,-660777.51,144846.83000000002,0.0,649453.5700000001,507085.77,-142367.8,-156170.7699999999,-153691.74,2479.0299999999115,2479.030000000028,-1.1641532182693481e-10,0.0,False
ОсОО Ала-Арча Трип,2026-04,-660777.51,-606510.29,54267.22,0.0,507085.77000000014,452818.5500000001,-54267.22,-153691.73999999987,-153691.73999999993,-5.820766091346741e-11,0.0,-5.820766091346741e-11,0.0,False
ОсОО Ала-Арча Трип,2026-05,-323201.3,59120.15,382321.45,-2.1827872842550278e-11,452818.5500000001,60497.10000000002,-392321.45000000007,129617.25000000012,119617.25000000003,-10000.000000000087,-10000.000000000058,-2.9103830456733704e-11,283308.99000000005,True
ОсОО Ала-Арча Трип,2026-06,59120.15,189162.89,130042.74000000002,0.0,60497.09999999998,-69545.63999999998,-130042.73999999996,119617.24999999997,119617.25000000003,5.820766091346741e-11,5.820766091346741e-11,0.0,0.0,False
ОсОО Ала-Арча Трип,2026-07,189162.89,168576.36,-20586.53,-2.9103830456733704e-11,-69545.63999999998,-48959.109999999986,20586.53,119617.25000000003,119617.25,-2.9103830456733704e-11,-2.9103830456733704e-11,0.0,0.0,False
ОсОО Ала-Тоо Эйр,2026-01,640897.63,705226.29,64328.65999999999,0.0,-1835225.86,-1899554.52,-64328.65999999999,-1194328.23,-1194328.23,0.0,0.0,0.0,0.0,False
ОсОО Ала-Тоо Эйр,2026-02,705226.29,1451799.46,746573.17,0.0,-1899554.5200000003,-2646344.47,-746789.95,-1194328.2300000002,-1194545.0100000002,-216.78000000002794,-216.77999999991152,-1.1641532182693481e-10,0.0,False
ОсОО Ала-Тоо Эйр,2026-03,1168490.47,434473.42,-734017.05,5.820766091346741e-11,-2646344.47,-1911985.4700000002,734359.0,-1477854.0000000002,-1477512.0500000003,341.94999999995343,341.94999999995343,0.0,-283308.99,True
ОсОО Ала-Тоо Эйр,2026-04,434473.42,108626.1,-325847.32,2.9103830456733704e-11,-1911985.4700000002,-1586138.1500000001,325847.32000000007,-1477512.0500000003,-1477512.05,2.3283064365386963e-10,1.1641532182693481e-10,1.1641532182693481e-10,0.0,False
ОсОО Ала-Тоо Эйр,2026-05,108626.1,420866.16,312240.06,-5.820766091346741e-11,-1586138.1500000001,-1692436.2100000002,-106298.06,-1477512.05,-1271570.0500000003,205941.99999999977,205941.99999999994,-1.7462298274040222e-10,0.0,False
ОсОО Ала-Тоо Эйр,2026-06,420866.16,-208754.15,-629620.31,8.731149137020111e-11,-1692436.21,-1062331.78,630104.4299999999,-1271570.05,-1271085.93,484.12000000011176,484.11999999999534,1.1641532182693481e-10,0.0,False
ОсОО Ала-Тоо Эйр,2026-07,-208754.15,84654.24,293408.38999999996,4.3655745685100555e-11,-1062331.7800000003,-1355740.1700000002,-293408.38999999996,-1271085.9300000002,-1271085.9300000002,0.0,5.820766091346741e-11,-5.820766091346741e-11,0.0,False
ОсОО Алтын Эйр,2026-01,0.0,-826364.05,-826364.05,0.0,0.0,522863.53,522863.53,0.0,-303500.52,-303500.52,-303500.52,0.0,0.0,False
ОсОО Алтын Эйр,2026-02,-826364.05,-1247831.01,-421466.95999999996,0.0,522863.52999999997,660030.49,137166.96000000002,-303500.5200000001,-587800.52,-284299.99999999994,-284299.99999999994,0.0,0.0,False
ОсОО Алтын Эйр,2026-03,-1247831.01,-916597.46,331233.55,0.0,660030.49,328731.5,-331298.99,-587800.52,-587865.96,-65.43999999994412,-65.44000000000233,5.820766091346741e-11,0.0,False
ОсОО Алтын Эйр,2026-04,-916597.46,-728832.11,187765.35000000003,-1.1641532182693481e-10,328731.5,141013.98999999993,-187717.51000000007,-587865.96,-587818.1200000001,47.83999999985099,47.83999999985099,0.0,0.0,False
ОсОО Алтын Эйр,2026-05,-728832.11,-2189372.17,-1460540.06,0.0,141013.98999999976,1211665.94,1070651.9500000002,-587818.1200000002,-977706.23,-389888.10999999975,-389888.10999999987,1.1641532182693481e-10,0.0,False
ОсОО Алтын Эйр,2026-06,-2189372.17,-1754270.26,435101.91000000003,-2.3283064365386963e-10,1211665.94,706390.77,-505275.17,-977706.23,-1047879.49,-70173.26000000001,-70173.26000000018,1.7462298274040222e-10,0.0,False
ОсОО Алтын Эйр,2026-07,-1754270.26,-914893.78,839376.48,0.0,706390.77,-132985.70999999967,-839376.4799999997,-1047879.49,-1047879.4899999998,2.3283064365386963e-10,2.3283064365386963e-10,0.0,0.0,False
ОсОО Иссык Тур,2026-01,0.0,-287469.09,-287469.08999999997,-5.820766091346741e-11,-149434.14,138577.16999999998,288011.31,-149434.14,-148891.92000000004,542.2199999999721,542.2199999999721,0.0,0.0,False
ОсОО Иссык Тур,2026-02,-287469.09,-185175.12,102293.97,2.9103830456733704e-11,138577.17000000004,-234016.8,-372593.97000000003,-148891.91999999998,-419191.92,-270300.0,-270300.0,0.0,0.0,False
ОсОО Иссык Тур,2026-03,-185175.12,-1329092.51,-1143917.3900000001,2.3283064365386963e-10,-234016.80000000005,431668.9399999998,665685.7399999999,-419191.92000000004,-897423.5700000002,-478231.65000000014,-478231.65,-1.1641532182693481e-10,0.0,False
ОсОО Иссык Тур,2026-04,-1329092.51,-1131826.04,197266.47,0.0,431668.93999999994,410114.89,-21554.04999999996,-897423.5700000001,-721711.15,175712.42000000004,175712.42000000004,0.0,0.0,False
ОсОО Иссык Тур,2026-05,-1131826.04,-1022654.41,109171.63,0.0,410114.8899999999,239265.36,-170849.5299999999,-721711.1500000001,-783389.05,-61677.89999999991,-61677.89999999991,0.0,0.0,False
ОсОО Иссык Тур,2026-06,-1022654.41,-414876.27,607778.14,0.0,239265.35999999993,-197997.58000000007,-437262.94,-783389.05,-612873.8500000001,170515.19999999995,170515.2,-5.820766091346741e-11,0.0,False
ОсОО Иссык Тур,2026-07,-414876.27,55501.35,470377.62,2.1827872842550278e-11,-197997.5799999999,-660554.1999999998,-462556.61999999994,-612873.8499999999,-605052.8499999999,7821.0,7821.000000000058,-5.820766091346741e-11,0.0,False
ОсОО Кара-Кол Трип,2026-01,0.0,-573202.47,-573202.47,0.0,278432.5200000001,756317.3700000001,477884.85000000003,278432.5200000001,183114.90000000014,-95317.61999999994,-95317.61999999994,0.0,0.0,False
ОсОО Кара-Кол Трип,2026-02,-573202.47,136160.76,709363.23,0.0,756317.37,145233.46,-611083.91,183114.90000000002,281394.22,98279.31999999995,98279.31999999995,0.0,0.0,False
ОсОО Кара-Кол Трип,2026-03,136160.76,-363278.33,-499439.08999999997,-5.820766091346741e-11,145233.45999999996,644672.55,499439.0900000001,281394.22,281394.22000000003,5.820766091346741e-11,5.820766091346741e-11,0.0,0.0,False
ОсОО Кара-Кол Трип,2026-04,-363278.33,-919276.42,-555998.09,-1.1641532182693481e-10,644672.5499999999,1167162.95,522490.4,281394.2199999999,247886.5299999999,-33507.69,-33507.69000000006,5.820766091346741e-11,0.0,False
ОсОО Кара-Кол Трип,2026-05,-919276.42,-611346.35,307930.06999999995,1.1641532182693481e-10,1167162.9500000002,892517.3700000001,-274645.57999999996,247886.53000000014,281171.02000000014,33284.48999999999,33284.49000000011,-1.1641532182693481e-10,0.0,False
ОсОО Кара-Кол Трип,2026-06,-611346.35,-741289.45,-129943.1,0.0,892517.37,1009613.47,117096.09999999998,281171.02,268324.02,-12847.0,-12847.00000000003,2.9103830456733704e-11,0.0,False
ОсОО Кара-Кол Трип,2026-07,-741289.45,-244604.58,496684.87000000005,-8.731149137020111e-11,1009613.4700000002,404943.64000000025,-604669.83,268324.02000000025,160339.06000000026,-107984.95999999999,-107984.95999999996,-2.9103830456733704e-11,0.0,False
ОсОО Кок-Жайык Вояж,2026-01,0.0,-232955.85,-232955.84999999998,-2.9103830456733704e-11,0.0,87151.9,87151.9,0.0,-145803.95,-145803.95,-145803.95,0.0,0.0,False
ОсОО Кок-Жайык Вояж,2026-02,-232955.85,-92135.3,140820.55000000002,-1.4551915228366852e-11,87151.90000000008,-53476.32999999996,-140628.23000000004,-145803.94999999992,-145611.62999999995,192.31999999997788,192.31999999994878,2.9103830456733704e-11,0.0,False
ОсОО Кок-Жайык Вояж,2026-03,-92135.3,84876.59,177011.88999999998,1.4551915228366852e-11,-53476.3299999999,-409535.84999999986,-356059.51999999996,-145611.6299999999,-324659.2599999999,-179047.63,-179047.62999999995,-5.820766091346741e-11,0.0,False
ОсОО Кок-Жайык Вояж,2026-04,84876.59,-191212.59,-276089.18,0.0,-409535.8499999999,-59652.66999999985,349883.18000000005,-324659.2599999999,-250865.25999999983,73794.00000000006,73794.00000000006,0.0,0.0,False
ОсОО Кок-Жайык Вояж,2026-05,-191212.59,-554432.46,-363219.87,0.0,-59652.6700000001,303468.6699999999,363121.34,-250865.2600000001,-250963.79000000004,-98.52999999994063,-98.52999999996973,2.9103830456733704e-11,0.0,False
ОсОО Кок-Жайык Вояж,2026-06,-554432.46,-699835.62,-145403.16,0.0,303468.67,448871.8300000001,145403.1600000001,-250963.78999999998,-250963.78999999992,5.820766091346741e-11,8.731149137020111e-11,-2.9103830456733704e-11,0.0,False
ОсОО Кок-Жайык Вояж,2026-07,-699835.62,-55615.31,644220.31,-5.820766091346741e-11,448871.8300000001,-195348.48,-644220.31,-250963.78999999992,-250963.79,-8.731149137020111e-11,0.0,-8.731149137020111e-11,0.0,False
ОсОО Кок-Жайык Лайн,2026-01,573536.76,205763.34,-367773.42,-2.9103830456733704e-11,-573536.76,-206980.53999999998,366556.22000000003,0.0,-1217.1999999999825,-1217.1999999999825,-1217.2000000000116,2.9103830456733704e-11,0.0,False
ОсОО Кок-Жайык Лайн,2026-02,205763.34,411751.71,205988.37,5.820766091346741e-11,-206980.54000000007,-415668.91000000003,-208688.36999999997,-1217.2000000000698,-3917.2000000000116,-2699.999999999942,-2699.9999999999127,-2.9103830456733704e-11,0.0,False
ОсОО Кок-Жайык Лайн,2026-03,411751.71,-44761.24,-456512.95,-7.275957614183426e-12,-415668.9099999999,-352055.95999999996,63612.94999999995,-3917.199999999895,-396817.19999999995,-392900.00000000006,-392900.00000000006,0.0,0.0,False
ОсОО Кок-Жайык Лайн,2026-04,-44761.24,-253946.36,-209185.12,0.0,-352055.9600000001,-132870.84000000003,219185.12000000005,-396817.20000000007,-386817.2,10000.000000000058,10000.000000000058,0.0,0.0,False
ОсОО Кок-Жайык Лайн,2026-05,-253946.36,-321202.82,-67256.46000000002,0.0,-132870.8399999999,-101610.17999999988,31260.660000000033,-386817.1999999999,-422812.9999999999,-35995.79999999999,-35995.79999999999,0.0,0.0,False
ОсОО Кок-Жайык Лайн,2026-06,-321202.82,-464852.62,-143649.80000000002,0.0,-101610.17999999988,42039.62000000011,143649.8,-422812.9999999999,-422812.9999999999,0.0,-2.9103830456733704e-11,2.9103830456733704e-11,0.0,False
ОсОО Кок-Жайык Лайн,2026-07,-464852.62,347797.28,812649.8999999999,1.1641532182693481e-10,42039.62000000011,-820415.8999999999,-862455.52,-422812.9999999999,-472618.6199999999,-49805.619999999995,-49805.619999999995,0.0,0.0,False
ОсОО Тянь-Шань Вояж,2026-01,-515924.29,-616349.73,-100425.44,0.0,-3398226.3,-3297800.86,100425.44,-3914150.59,-3914150.59,0.0,0.0,0.0,0.0,False
ОсОО Тянь-Шань Вояж,2026-02,-616349.73,-624751.22,-8401.48999999999,0.0,-3297800.8599999994,-3297399.3699999996,401.4899999999907,-3914150.5899999994,-3922150.59,-8000.000000000466,-8000.0,-4.656612873077393e-10,0.0,False
ОсОО Тянь-Шань Вояж,2026-03,-624751.22,-687568.6,-62817.380000000005,0.0,-3297399.3699999996,-3234581.9899999998,62817.38000000002,-3922150.59,-3922150.59,0.0,1.4551915228366852e-11,-1.4551915228366852e-11,0.0,False
ОсОО Тянь-Шань Вояж,2026-04,-687568.6,-1052444.03,-364875.43,0.0,-3234581.9899999998,-2869706.5599999996,364875.43,-3922150.59,-3922150.59,0.0,0.0,0.0,0.0,False
ОсОО Тянь-Шань Вояж,2026-05,-1052444.03,-1181998.98,-129554.94999999998,0.0,-2869706.56,-2731365.4,138341.16,-3922150.59,-3913364.38,8786.209999999963,8786.210000000021,-5.820766091346741e-11,0.0,False
ОсОО Тянь-Шань Вояж,2026-06,-1181998.98,-683604.33,498394.65,0.0,-2731365.4,-3229760.05,-498394.65,-3913364.38,-3913364.38,0.0,0.0,0.0,0.0,False
ОсОО Тянь-Шань Вояж,2026-07,-683604.33,-620034.55,63569.78,-1.1641532182693481e-10,-3229760.05,-3293329.8299999996,-63569.780000000006,-3913364.38,-3913364.38,0.0,-1.2369127944111824e-10,1.2369127944111824e-10,0.0,False
ОсОО Чолпон Авиакасса,2026-01,780854.97,226590.53,-554264.44,-2.9103830456733704e-11,-780854.97,-592991.97,187863.0,0.0,-366401.43999999994,-366401.43999999994,-366401.43999999994,0.0,0.0,False
ОсОО Чолпон Авиакасса,2026-02,226590.53,701418.0,474827.47,0.0,-592991.9699999999,-1067819.44,-474827.4700000001,-366401.4399999998,-366401.43999999994,-1.1641532182693481e-10,-1.1641532182693481e-10,0.0,0.0,False
ОсОО Чолпон Авиакасса,2026-03,696618.0,486809.89,-209808.11000000002,0.0,-1067819.44,-858011.33,209808.11000000004,-371201.43999999994,-371201.43999999994,0.0,2.9103830456733704e-11,-2.9103830456733704e-11,-4800.0,True
ОсОО Чолпон Авиакасса,2026-04,486809.89,-447275.39,-934085.28,0.0,-858011.33,75948.55000000005,933959.88,-371201.43999999994,-371326.83999999997,-125.40000000002328,-125.40000000002328,0.0,0.0,False
ОсОО Чолпон Авиакасса,2026-05,-447275.39,-760114.1,-312838.71,1.1641532182693481e-10,75948.55000000005,384164.51,308215.95999999996,-371326.83999999997,-375949.58999999997,-4622.75,-4622.749999999942,-5.820766091346741e-11,0.0,False
ОсОО Чолпон Авиакасса,2026-06,-760114.1,-901786.85,-141672.74999999994,-1.1641532182693481e-10,384164.50999999983,449149.7899999998,64985.279999999955,-375949.59000000014,-452637.0600000002,-76687.47000000003,-76687.4700000001,7.275957614183426e-11,0.0,False
ОсОО Чолпон Авиакасса,2026-07,-901786.85,-266998.21,634788.64,-5.820766091346741e-11,449149.79000000015,-385895.98999999976,-835045.7799999999,-452637.0599999998,-652894.1999999997,-200257.1399999999,-200257.14,1.1641532182693481e-10,0.0,False
Осмонова А. Н.,2026-01,0.0,662016.45,662016.45,0.0,0.0,-737138.7000000001,-737138.7000000001,0.0,-75122.25000000012,-75122.25000000012,-75122.25000000012,0.0,0.0,False
Осмонова А. Н.,2026-02,662016.45,-99165.65,-761182.1,2.9103830456733704e-11,-737138.7000000001,24043.399999999958,761182.1,-75122.25000000012,-75122.25000000003,8.731149137020111e-11,0.0,8.731149137020111e-11,0.0,False
Осмонова А. Н.,2026-03,-99165.65,-82645.43,16520.220000000023,-2.9103830456733704e-11,24043.399999999878,7523.179999999913,-16520.219999999965,-75122.25000000012,-75122.25000000009,2.9103830456733704e-11,2.9103830456733704e-11,0.0,0.0,False
Осмонова А. Н.,2026-04,-82645.43,-695320.2,-612674.77,0.0,7523.179999999935,620197.95,612674.77,-75122.25000000006,-75122.25,5.820766091346741e-11,0.0,5.820766091346741e-11,0.0,False
Осмонова А. Н.,2026-05,-695320.2,-1482284.71,-786964.51,0.0,620197.9500000001,913862.4600000001,293664.51,-75122.24999999988,-568422.2499999999,-493300.0,-493300.0,0.0,0.0,False
Осмонова А. Н.,2026-06,-1482284.71,-793016.3,689268.41,-1.1641532182693481e-10,913862.46,251594.0499999999,-662268.41,-568422.25,-541422.2500000001,26999.999999999884,26999.999999999884,0.0,0.0,False
Осмонова А. Н.,2026-07,-793016.3,-28219.67,764796.63,4.3655745685100555e-11,251594.05000000016,-513202.57999999996,-764796.6300000001,-541422.2499999999,-541422.25,-1.1641532182693481e-10,-1.1641532182693481e-10,0.0,0.0,False
САЛАМ ВОЯЖ,2026-01,0.0,-45347.22,-45347.22,0.0,0.0,-142352.78,-142352.78,0.0,-187700.0,-187700.0,-187700.0,0.0,0.0,False
САЛАМ ВОЯЖ,2026-02,237961.77,113389.53,-124572.24,1.4551915228366852e-11,-142352.77999999997,-17780.539999999968,124572.23999999999,95608.99000000002,95608.99000000003,1.4551915228366852e-11,0.0,1.4551915228366852e-11,283308.99,True
САЛАМ ВОЯЖ,2026-03,113389.53,-148941.29,-262330.82,0.0,-17780.53999999992,244550.28000000003,262330.81999999995,95608.99000000008,95608.99000000002,-5.820766091346741e-11,-5.820766091346741e-11,0.0,0.0,False
САЛАМ ВОЯЖ,2026-04,-148941.29,-394608.51,-245667.22,0.0,244550.28000000003,579305.5,334755.22,95608.99000000002,184696.99,89087.99999999997,89087.99999999997,0.0,0.0,False
САЛАМ ВОЯЖ,2026-05,-394608.51,-355301.91,39306.60000000001,0.0,579305.5,539998.9,-39306.59999999998,184696.99,184696.99000000005,5.820766091346741e-11,3.637978807091713e-11,2.1827872842550278e-11,0.0,False
САЛАМ ВОЯЖ,2026-06,-355301.91,-56399.67,298902.24,-1.4551915228366852e-11,539998.8999999999,198341.35999999993,-341657.54,184696.98999999993,141941.68999999994,-42755.29999999999,-42755.29999999999,0.0,0.0,False
САЛАМ ВОЯЖ,2026-07,-56399.67,192464.47,248864.14,-2.9103830456733704e-11,198341.36000000007,-50522.77999999993,-248864.14,141941.69000000006,141941.69000000006,0.0,-2.9103830456733704e-11,2.9103830456733704e-11,0.0,False
САЛАМ ЭЙР,2026-01,-845210.14,-582419.6,262790.54000000004,0.0,845210.1399999999,513052.19999999995,-332157.93999999994,-1.1641532182693481e-10,-69367.40000000002,-69367.3999999999,-69367.3999999999,0.0,0.0,False
САЛАМ ЭЙР,2026-02,-582419.6,-1180329.54,-597909.94,0.0,513052.20000000007,1110962.1400000001,597909.9400000001,-69367.3999999999,-69367.3999999999,0.0,1.1641532182693481e-10,-1.1641532182693481e-10,0.0,False
САЛАМ ЭЙР,2026-03,-1180329.54,-1022815.61,157513.93000000005,0.0,1110962.14,895019.46,-215942.67999999993,-69367.40000000014,-127796.15000000002,-58428.74999999988,-58428.74999999988,0.0,0.0,False
САЛАМ ЭЙР,2026-04,-1022815.61,-763236.26,259579.35,0.0,895019.4600000002,636551.9100000001,-258467.55000000002,-127796.14999999979,-126684.34999999986,1111.7999999999302,1111.7999999999884,-5.820766091346741e-11,0.0,False
САЛАМ ЭЙР,2026-05,-763236.26,-1189774.03,-426537.76999999996,0.0,636551.9099999999,1082448.68,445896.7700000001,-126684.3500000001,-107325.3500000001,19359.0,19359.000000000116,-1.1641532182693481e-10,0.0,False
САЛАМ ЭЙР,2026-06,-1189774.03,-1368313.42,-178539.38999999998,0.0,1082448.6800000002,1216024.0700000003,133575.3900000001,-107325.34999999986,-152289.34999999963,-44963.99999999977,-44963.99999999988,1.1641532182693481e-10,0.0,False
САЛАМ ЭЙР,2026-07,-1368313.42,-812636.71,555676.71,0.0,1216024.0699999998,485899.16,-730124.9099999999,-152289.3500000001,-326737.55,-174448.1999999999,-174448.19999999995,5.820766091346741e-11,0.0,False
СОН-КУЛЬ ТУР,2026-01,584933.07,-505624.77,-1090557.8399999999,-1.1641532182693481e-10,-584933.0700000001,222824.7699999999,807757.84,-1.1641532182693481e-10,-282800.0000000001,-282800.0,-282799.9999999999,-1.1641532182693481e-10,0.0,False
СОН-КУЛЬ ТУР,2026-02,-505624.77,-929868.44,-424243.67000000004,1.1641532182693481e-10,222824.7699999999,647047.99,424223.2200000001,-282800.0000000001,-282820.44999999995,-20.44999999983702,-20.44999999983702,0.0,0.0,False
СОН-КУЛЬ ТУР,2026-03,-929868.44,-988801.5,-58933.06000000003,0.0,647047.99,708049.75,61001.760000000024,-282820.44999999995,-280751.75,2068.6999999999534,2068.699999999997,-4.3655745685100555e-11,0.0,False
СОН-КУЛЬ ТУР,2026-04,-988801.5,-1179470.27,-190668.77,0.0,708049.7499999998,898718.5199999998,190668.76999999996,-280751.75000000023,-280751.75000000023,0.0,-2.9103830456733704e-11,2.9103830456733704e-11,0.0,False
СОН-КУЛЬ ТУР,2026-05,-1179470.27,-1160413.47,19056.799999999992,0.0,898718.5199999998,879661.7199999997,-19056.799999999996,-280751.75000000023,-280751.75000000023,0.0,-3.637978807091713e-12,3.637978807091713e-12,0.0,False
СОН-КУЛЬ ТУР,2026-06,-1160413.47,-458222.28,702191.19,0.0,879661.7199999999,177365.5299999998,-702296.1900000001,-280751.7500000001,-280856.75000000023,-105.00000000011642,-105.00000000011642,0.0,0.0,False
СОН-КУЛЬ ТУР,2026-07,-458222.28,-61153.38,397068.9,7.275957614183426e-12,177365.52999999985,-217196.90000000014,-394562.43,-280856.7500000002,-278350.28000000014,2506.4700000000303,2506.4700000000303,0.0,0.0,False
Сагын кызы Б.,2026-01,-401511.74,-363508.27,38003.470000000016,-5.820766091346741e-11,401511.74,363508.26999999996,-38003.470000000016,0.0,-5.820766091346741e-11,-5.820766091346741e-11,-5.820766091346741e-11,0.0,0.0,False
Сагын кызы Б.,2026-02,-363508.27,-196564.26,166944.01,0.0,363508.27,196564.25999999998,-166944.01,0.0,-2.9103830456733704e-11,-2.9103830456733704e-11,0.0,-2.9103830456733704e-11,0.0,False
Сагын кызы Б.,2026-03,-196564.26,34960.05,231524.31,1.4551915228366852e-11,196564.26,-34936.419999999984,-231500.68,0.0,23.63000000001921,23.63000000001921,23.630000000004657,1.4551915228366852e-11,0.0,False
Сагын кызы Б.,2026-04,34960.05,-783548.07,-818508.12,0.0,-34936.42000000004,783571.7,818508.12,23.629999999961,23.630000000004657,4.3655745685100555e-11,0.0,4.3655745685100555e-11,0.0,False
Сагын кызы Б.,2026-05,-783548.07,-823095.02,-39546.95000000001,0.0,783571.6999999998,822940.9699999999,39369.27000000002,23.62999999988824,-154.05000000016298,-177.68000000005122,-177.67999999999302,-5.820766091346741e-11,0.0,False
Сагын кызы Б.,2026-06,-823095.02,-361999.09,461095.93,0.0,822940.97,362982.66,-459958.31,-154.05000000004657,983.5699999999488,1137.6199999999953,1137.6199999999953,0.0,0.0,False
Сагын кызы Б.,2026-07,-361999.09,-419297.25,-57298.16,0.0,362982.66000000003,415798.91000000003,52816.24999999997,983.570000000007,-3498.3399999999674,-4481.909999999974,-4481.910000000033,5.820766091346741e-11,0.0,False
Салам Авиакасса,2026-01,0.0,276442.84,276442.83999999997,5.820766091346741e-11,0.0,-276442.83999999997,-276442.83999999997,0.0,5.820766091346741e-11,5.820766091346741e-11,5.820766091346741e-11,0.0,0.0,False
Салам Авиакасса,2026-02,276442.84,-179314.0,-455756.84,0.0,-276442.8400000001,354861.08999999997,631303.93,-5.820766091346741e-11,175547.08999999997,175547.09000000003,175547.09000000003,0.0,0.0,False
Салам Авиакасса,2026-03,-179314.0,-130555.33,48758.669999999984,1.4551915228366852e-11,354861.09000000014,117716.74000000018,-237144.34999999998,175547.09000000014,-12838.589999999822,-188385.67999999996,-188385.68,2.9103830456733704e-11,0.0,False
Салам Авиакасса,2026-04,-130555.33,-306081.83,-175526.5,0.0,117716.74000000025,293179.40000000026,175462.66,-12838.58999999975,-12902.42999999976,-63.84000000001106,-63.83999999999651,-1.4551915228366852e-11,0.0,False
Салам Авиакасса,2026-05,-306081.83,-683197.3,-377115.47000000003,0.0,293179.40000000026,366051.1500000002,72871.74999999997,-12902.42999999976,-317146.14999999985,-304243.7200000001,-304243.7200000001,0.0,0.0,False
Салам Авиакасса,2026-06,-683197.3,-942826.26,-259628.96000000002,0.0,366051.15000000014,706680.3800000001,340629.23,-317146.1499999999,-236145.8799999999,81000.27000000002,81000.26999999996,5.820766091346741e-11,0.0,False
Салам Авиакасса,2026-07,-942826.26,-583294.41,359531.85,0.0,706680.3800000004,480311.65000000043,-226368.72999999998,-236145.87999999966,-102982.7599999996,133163.12000000005,133163.12,5.820766091346741e-11,0.0,False
Салам Экспресс,2026-01,0.0,58060.87,58060.870000000024,-2.1827872842550278e-11,2800828.5,2742767.63,-58060.87000000005,2800828.5,2800828.5,0.0,-5.093170329928398e-11,5.093170329928398e-11,0.0,False
Салам Экспресс,2026-02,58060.87,-437303.98,-495364.85000000003,5.820766091346741e-11,2742767.63,3438432.48,695664.85,2800828.5,3001128.5,200300.0,200300.0,0.0,0.0,False
Салам Экспресс,2026-03,-437303.98,-363894.99,73408.98999999999,0.0,3438432.4799999995,3365023.4899999998,-73408.98999999999,3001128.4999999995,3001128.5,4.656612873077393e-10,0.0,4.656612873077393e-10,0.0,False
Салам Экспресс,2026-04,-363894.99,-350621.17,13273.819999999967,5.820766091346741e-11,3365023.4899999998,3351749.67,-13273.819999999992,3001128.5,3001128.5,0.0,3.2741809263825417e-11,-3.2741809263825417e-11,0.0,False
Салам Экспресс,2026-05,-350621.17,-381502.06,-30880.89,0.0,3351749.67,3180065.65,-171684.02,3001128.5,2798563.59,-202564.91000000015,-202564.90999999997,-1.7462298274040222e-10,0.0,False
Салам Экспресс,2026-06,-381502.06,214478.56,595980.62,0.0,3180065.65,2552695.21,-627370.44,2798563.59,2767173.77,-31389.819999999832,-31389.81999999995,1.1641532182693481e-10,0.0,False
Салам Экспресс,2026-07,214478.56,348543.06,134064.50000000003,-5.820766091346741e-11,2552695.21,2418561.01,-134134.19999999995,2767173.77,2767104.07,-69.70000000018626,-69.69999999998254,-2.0372681319713593e-10,0.0,False
Сатар уулу Санжар,2026-01,-414933.16,601378.24,1016311.4,0.0,3688157.5300000003,2504689.9800000004,-1183467.5499999996,3273224.37,3106068.2200000007,-167156.14999999944,-167156.14999999956,1.1641532182693481e-10,0.0,False
Сатар уулу Санжар,2026-02,601378.24,-756072.0,-1357450.24,0.0,2504689.9800000004,3758299.9200000004,1253609.94,3106068.2200000007,3002227.9200000004,-103840.30000000028,-103840.30000000005,-2.3283064365386963e-10,0.0,False
Сатар уулу Санжар,2026-03,-756072.0,202649.34,958721.3400000001,-8.731149137020111e-11,3758299.9200000004,2102079.2700000005,-1656220.65,3002227.9200000004,2304728.6100000003,-697499.31,-697499.3099999999,-1.1641532182693481e-10,0.0,False
Сатар уулу Санжар,2026-05,-1110441.94,-1806698.56,-696256.6200000001,0.0,2878792.36,3338196.1,459403.7400000001,1768350.42,1531497.54,-236852.8799999999,-236852.88,1.1641532182693481e-10,-1313091.28,False
Сатар уулу Санжар,2026-07,-2490873.42,-342854.9,2148018.52,-1.1641532182693481e-10,3675077.240000001,1361862.870000001,-2313214.37,1184203.8200000012,1019007.970000001,-165195.8500000002,-165195.8500000001,-1.1641532182693481e-10,-684174.8599999999,False
Сатарова А. О.,2026-01,0.0,-231699.33,-231699.33000000002,2.9103830456733704e-11,0.0,231699.32999999996,231699.32999999996,0.0,-2.9103830456733704e-11,-2.9103830456733704e-11,-2.9103830456733704e-11,0.0,0.0,False
Сатарова А. О.,2026-02,-231699.33,-378513.44,-146814.11,-5.820766091346741e-11,231699.33,378513.43999999994,146814.10999999996,0.0,-5.820766091346741e-11,-5.820766091346741e-11,-8.731149137020111e-11,2.9103830456733704e-11,0.0,False
Сатарова А. О.,2026-03,-378513.44,-13921.05,364592.39,-1.0913936421275139e-11,378513.44,110721.98999999999,-267791.45,0.0,96800.93999999999,96800.93999999999,96800.94,-1.4551915228366852e-11,0.0,False
Сатарова А. О.,2026-04,-13921.05,-307131.53,-293210.48,-5.820766091346741e-11,110721.98999999999,403931.67000000004,293209.68000000005,96800.93999999999,96800.14000000001,-0.7999999999738066,-0.7999999999883585,1.4551915228366852e-11,0.0,False
Сатарова А. О.,2026-05,-307131.53,-278658.01,28473.51999999999,0.0,403931.6699999999,375458.14999999997,-28473.519999999946,96800.1399999999,96800.13999999996,5.820766091346741e-11,4.3655745685100555e-11,1.4551915228366852e-11,0.0,False
Сатарова А. О.,2026-06,-278658.01,-304920.95,-26262.93999999999,0.0,375458.1499999999,419906.4099999999,44448.259999999995,96800.1399999999,114985.4599999999,18185.320000000007,18185.320000000003,3.637978807091713e-12,0.0,False
Сатарова А. О.,2026-07,-304920.95,175140.49,480061.44,0.0,419906.41,-60085.54999999999,-479991.95999999996,114985.45999999996,115054.94,69.48000000003958,69.48000000003958,0.0,0.0,False
Сатарова Жылдыз Жумабековна,2026-01,343689.3,649160.13,305470.83,0.0,-343689.3,-649160.13,-305470.83,0.0,0.0,0.0,0.0,0.0,0.0,False
Сатарова Жылдыз Жумабековна,2026-02,649160.13,456947.85,-192212.28,0.0,-649160.1299999999,-456947.8499999999,192212.28,1.1641532182693481e-10,5.820766091346741e-11,-5.820766091346741e-11,0.0,-5.820766091346741e-11,0.0,False
Сатарова Жылдыз Жумабековна,2026-03,456947.85,726574.96,269627.11,0.0,-456947.85,-726454.36,-269506.51,0.0,120.59999999997672,120.59999999997672,120.59999999997672,0.0,0.0,False
Сатарова Жылдыз Жумабековна,2026-04,726574.96,888395.09,161820.13,0.0,-726454.3599999998,-954756.4899999998,-228302.13,120.60000000020955,-66361.39999999979,-66482.0,-66482.0,0.0,0.0,False
Сатарова Жылдыз Жумабековна,2026-05,888395.09,690557.89,-197837.19999999998,0.0,-954756.4899999999,-790280.6199999999,164475.87000000002,-66361.3999999999,-99722.72999999986,-33361.32999999996,-33361.32999999996,0.0,0.0,False
Сатарова Жылдыз Жумабековна,2026-06,690557.89,417821.0,-272736.89,0.0,-790280.6200000001,-517543.7300000001,272736.89,-99722.7300000001,-99722.7300000001,0.0,0.0,0.0,0.0,False
Сатарова Жылдыз Жумабековна,2026-07,417821.0,391048.92,-26772.080000000045,5.820766091346741e-11,-517543.72999999986,-490771.6499999999,26772.079999999987,-99722.72999999986,-99722.72999999992,-5.820766091346741e-11,0.0,-5.820766091346741e-11,0.0,False
Сыдыков С. У.,2026-01,448214.7,-201712.04,-649926.74,-2.9103830456733704e-11,-448214.7,238296.44,686511.14,0.0,36584.399999999994,36584.399999999994,36584.40000000002,-2.9103830456733704e-11,0.0,False
Сыдыков С. У.,2026-02,-201712.04,-38069.15,163642.89,-7.275957614183426e-12,238296.43999999992,35305.54999999993,-202990.88999999998,36584.39999999991,-2763.6000000000713,-39347.99999999998,-39347.99999999997,-7.275957614183426e-12,0.0,False
Сыдыков С. У.,2026-03,-38069.15,-54682.1,-16612.949999999997,0.0,35305.549999999945,51918.49999999994,16612.949999999997,-2763.6000000000568,-2763.6000000000568,0.0,0.0,0.0,0.0,False
Сыдыков С. У.,2026-04,-54682.1,-196892.15,-142210.05,0.0,51918.49999999991,194128.54999999987,142210.04999999996,-2763.600000000086,-2763.6000000001222,-3.637978807091713e-11,-2.9103830456733704e-11,-7.275957614183426e-12,0.0,False
Сыдыков С. У.,2026-06,-260024.08,-536062.91,-276038.83,0.0,257260.4800000001,533299.31,276038.82999999996,-2763.5999999998894,-2763.5999999999767,-8.731149137020111e-11,-5.820766091346741e-11,-2.9103830456733704e-11,-63131.92999999999,False
Сыдыков С. У.,2026-07,-536062.91,-9212.69,526850.22,6.002665031701326e-11,533299.31,4649.090000000026,-528650.22,-2763.5999999999767,-4563.599999999975,-1799.9999999999982,-1799.9999999998836,-1.1459633242338896e-10,0.0,False
ТАЛАС ВОЯЖ,2026-01,-157768.27,-420175.83,-262407.56,-5.820766091346741e-11,-161172.72999999998,103934.83000000002,265107.56,-318941.0,-316241.0,2700.0,2699.999999999942,5.820766091346741e-11,0.0,False
ТАЛАС ВОЯЖ,2026-02,-420175.83,-382115.63,38060.2,0.0,103934.83000000002,65874.63,-38060.20000000001,-316241.0,-316241.0,0.0,-1.4551915228366852e-11,1.4551915228366852e-11,0.0,False
ТАЛАС ВОЯЖ,2026-03,-382115.63,-121205.58,260910.05000000002,-1.4551915228366852e-11,65874.63,-196943.62,-262818.25,-316241.0,-318149.2,-1908.2000000000116,-1908.2000000000116,0.0,0.0,False
ТАЛАС ВОЯЖ,2026-04,-121205.58,-266496.63,-145291.05000000002,0.0,-196943.62000000005,-67213.21000000004,129730.41000000002,-318149.20000000007,-333709.84,-15560.639999999956,-15560.64,4.3655745685100555e-11,0.0,False
ТАЛАС ВОЯЖ,2026-05,-238996.63,-164429.28,74567.34999999998,2.9103830456733704e-11,-67213.21000000002,-127380.56000000006,-60167.350000000035,-306209.84,-291809.8400000001,14399.999999999942,14399.99999999997,-2.9103830456733704e-11,27500.0,True
ТАЛАС ВОЯЖ,2026-06,-164429.28,-17662.57,146766.71,7.275957614183426e-12,-127380.56,-274147.27,-146766.71000000002,-291809.83999999997,-291809.84,-5.820766091346741e-11,-2.9103830456733704e-11,-2.9103830456733704e-11,0.0,False
ТАЛАС ВОЯЖ,2026-07,-17662.57,-23307.02,-5644.449999999993,-7.275957614183426e-12,-274147.2700000001,-268502.82000000007,5644.450000000015,-291809.8400000001,-291809.8400000001,0.0,1.4551915228366852e-11,-1.4551915228366852e-11,0.0,False
ТАЛАС ЛАЙН,2026-01,291980.13,915535.6,623555.47,0.0,-291980.13,-1139535.6,-847555.4700000001,0.0,-224000.00000000012,-224000.00000000012,-224000.00000000012,0.0,0.0,False
ТАЛАС ЛАЙН,2026-02,915535.6,19034.48,-896501.12,1.8189894035458565e-11,-1139535.6,-247531.0400000001,892004.56,-224000.00000000012,-228496.56000000008,-4496.559999999969,-4496.5599999999395,-2.9103830456733704e-11,0.0,False
ТАЛАС ЛАЙН,2026-03,19034.48,10591.61,-8442.869999999995,-3.637978807091713e-12,-247531.0399999999,-294319.1699999999,-46788.13000000003,-228496.55999999988,-283727.55999999994,-55231.00000000006,-55231.00000000003,-2.9103830456733704e-11,0.0,False
ТАЛАС ЛАЙН,2026-04,10591.61,-628665.33,-639256.94,0.0,-294319.17,-112105.65000000002,182213.51999999996,-283727.56,-740770.98,-457043.42,-457043.42,0.0,0.0,False
ТАЛАС ЛАЙН,2026-05,-628665.33,-992947.7,-364282.37,0.0,-112105.64999999989,-81143.27999999994,30962.369999999948,-740770.9799999999,-1074090.98,-333320.0000000001,-333320.00000000006,-5.820766091346741e-11,0.0,False
ТАЛАС ЛАЙН,2026-06,-992947.7,-1486941.15,-493993.45,0.0,-81143.27999999974,15330.690000000235,96473.96999999997,-1074090.9799999997,-1471610.4599999997,-397519.48,-397519.48000000004,5.820766091346741e-11,0.0,False
ТАЛАС ЛАЙН,2026-07,-1486941.15,-694563.66,792377.49,-1.1641532182693481e-10,15330.69000000006,-857949.67,-873280.3600000001,-1471610.46,-1552513.33,-80902.87000000011,-80902.87000000023,1.1641532182693481e-10,0.0,False
ТАЛАС ЭЙР,2026-01,-304263.31,-661385.41,-357122.1,-1.1641532182693481e-10,304263.30999999994,661385.4099999999,357122.1,-5.820766091346741e-11,-1.1641532182693481e-10,-5.820766091346741e-11,-1.1641532182693481e-10,5.820766091346741e-11,0.0,False
ТАЛАС ЭЙР,2026-02,-661385.41,-901011.49,-239626.08000000002,0.0,661385.4099999999,901011.49,239626.08000000002,-1.1641532182693481e-10,0.0,1.1641532182693481e-10,0.0,1.1641532182693481e-10,0.0,False
ТАЛАС ЭЙР,2026-03,-901011.49,-1779314.39,-878302.9,2.3283064365386963e-10,901011.4900000001,1779314.3900000001,878302.9,1.1641532182693481e-10,2.3283064365386963e-10,1.1641532182693481e-10,2.3283064365386963e-10,-1.1641532182693481e-10,0.0,False
ТАЛАС ЭЙР,2026-04,-1779314.39,-1525531.79,253782.6,-2.3283064365386963e-10,1779314.3899999997,1525531.7899999996,-253782.59999999998,-2.3283064365386963e-10,-4.656612873077393e-10,-2.3283064365386963e-10,-2.0372681319713593e-10,-2.9103830456733704e-11,0.0,False
ТАЛАС ЭЙР,2026-05,-1525531.79,-1423740.01,101791.78,0.0,1525531.79,1374104.83,-151426.96000000002,0.0,-49635.179999999935,-49635.179999999935,-49635.18000000002,8.731149137020111e-11,0.0,False
ТАЛАС ЭЙР,2026-06,-1423740.01,-860021.8,563718.21,0.0,1374104.83,751612.37,-622492.46,-49635.179999999935,-108409.43000000005,-58774.25000000012,-58774.25,-1.1641532182693481e-10,0.0,False
ТАЛАС ЭЙР,2026-07,-860021.8,-931557.45,-71535.65,1.1641532182693481e-10,751612.3699999999,1028548.0199999998,276935.64999999997,-108409.43000000017,96990.56999999983,205400.0,205400.0000000001,-8.731149137020111e-11,0.0,False
ТЯНЬ-ШАНЬ ЭКСПРЕСС,2026-01,-894996.03,-1141518.69,-246522.66,0.0,894996.0299999999,1141518.69,246522.66000000003,-1.1641532182693481e-10,0.0,1.1641532182693481e-10,2.9103830456733704e-11,8.731149137020111e-11,0.0,False
ТЯНЬ-ШАНЬ ЭКСПРЕСС,2026-02,-1141518.69,-2069135.48,-927616.79,0.0,1141518.6900000002,2082252.4800000002,940733.79,2.3283064365386963e-10,13117.000000000233,13117.0,13117.0,0.0,0.0,False
ТЯНЬ-ШАНЬ ЭКСПРЕСС,2026-03,-2069135.48,-2635675.74,-566540.26,0.0,2082252.479999999,2292188.869999999,209936.39,13116.999999999069,-343486.87000000104,-356603.8700000001,-356603.87,-1.1641532182693481e-10,0.0,False
ТЯНЬ-ШАНЬ ЭКСПРЕСС,2026-04,-2635675.74,-2220489.26,415186.48,4.656612873077393e-10,2292188.87,1744114.15,-548074.72,-343486.8700000001,-476375.10999999987,-132888.23999999976,-132888.23999999953,-2.3283064365386963e-10,0.0,False
ТЯНЬ-ШАНЬ ЭКСПРЕСС,2026-05,-2220489.26,-1956418.86,264070.4,-2.3283064365386963e-10,1744114.15,1469518.8699999999,-274595.27999999997,-476375.10999999987,-486899.9900000002,-10524.880000000354,-10524.88000000018,-1.7462298274040222e-10,0.0,False
ТЯНЬ-ШАНЬ ЭКСПРЕСС,2026-06,-1956418.86,-1418977.66,537441.2,2.3283064365386963e-10,1469518.8699999999,698692.2099999998,-770826.66,-486899.9900000002,-720285.4500000001,-233385.45999999985,-233385.45999999985,0.0,0.0,False
ТЯНЬ-ШАНЬ ЭКСПРЕСС,2026-07,-1418977.66,-1442704.17,-23726.509999999973,0.0,698692.2099999998,808309.3399999999,109617.12999999999,-720285.4500000001,-634394.8300000001,85890.62,85890.62000000002,-2.9103830456733704e-11,0.0,False
Тянь-Шань Тур,2026-01,230853.12,-323084.79,-553937.91,5.820766091346741e-11,-230853.12,314084.79000000004,544937.91,0.0,-8999.999999999942,-8999.999999999942,-8999.999999999884,-5.820766091346741e-11,0.0,False
Тянь-Шань Тур,2026-02,-323084.79,-81848.16,241236.63,-2.9103830456733704e-11,314084.7900000001,72218.16000000003,-241866.63000000006,-8999.999999999884,-9629.99999999997,-630.0000000000873,-630.0000000000873,0.0,0.0,False
Тянь-Шань Тур,2026-03,-81848.16,-181558.58,-99710.42,2.9103830456733704e-11,72218.16000000012,154874.63000000012,82656.47,-9629.999999999884,-26683.949999999866,-17053.949999999983,-17053.949999999968,-1.4551915228366852e-11,0.0,False
Тянь-Шань Тур,2026-06,-682561.67,-222937.97,459623.7,2.9103830456733704e-11,655877.72,196254.01999999996,-459623.69999999995,-26683.95000000007,-26683.95000000004,2.9103830456733704e-11,1.1641532182693481e-10,-8.731149137020111e-11,-501003.0900000001,False
Тянь-Шань Тур,2026-07,-222937.97,-330264.32,-107326.34999999998,-5.820766091346741e-11,196254.01999999996,590138.3999999999,393884.37999999995,-26683.95000000004,259874.0799999999,286558.0299999999,286558.0299999999,0.0,0.0,False
Урматов Эрлан Сагынович,2026-01,0.0,609009.15,609009.15,0.0,-8157.109999999986,-617166.26,-609009.15,-8157.109999999986,-8157.109999999986,0.0,0.0,0.0,0.0,False
Урматов Эрлан Сагынович,2026-02,609009.15,344093.13,-264916.02,0.0,-617166.26,-352923.26999999996,264242.99,-8157.109999999986,-8830.139999999956,-673.0299999999697,-673.0300000000279,5.820766091346741e-11,0.0,False
Урматов Эрлан Сагынович,2026-03,344093.13,290088.73,-54004.399999999994,0.0,-352923.2699999999,-286322.99,66600.27999999994,-8830.139999999898,3765.7399999999907,12595.879999999888,12595.879999999946,-5.820766091346741e-11,0.0,False
Урматов Эрлан Сагынович,2026-04,290088.73,283464.89,-6623.840000000007,5.820766091346741e-11,-286322.99,-464699.15,-178376.16,3765.7399999999907,-181234.26,-185000.0,-184999.99999999994,-5.820766091346741e-11,0.0,False
Урматов Эрлан Сагынович,2026-05,283464.89,408249.29,124784.4,-5.820766091346741e-11,-464699.1499999998,-589483.5499999998,-124784.40000000002,-181234.25999999978,-181234.25999999983,-5.820766091346741e-11,-8.731149137020111e-11,2.9103830456733704e-11,0.0,False
Урматов Эрлан Сагынович,2026-06,408249.29,-197208.16,-605457.45,-2.9103830456733704e-11,-589483.5499999999,-343102.3999999999,246381.15000000002,-181234.25999999995,-540310.5599999999,-359076.3,-359076.29999999993,-5.820766091346741e-11,0.0,False
Урматов Эрлан Сагынович,2026-07,-197208.16,-415384.01,-218175.85,0.0,-343102.3999999999,-159553.82999999993,183548.56999999995,-540310.5599999999,-574937.84,-34627.28000000003,-34627.28000000006,2.9103830456733704e-11,0.0,False
Урматова Айпери Нурбековна,2026-01,0.0,-397575.72,-397575.72000000003,5.820766091346741e-11,0.0,286109.37999999995,286109.37999999995,0.0,-111466.34000000003,-111466.34000000003,-111466.34000000003,0.0,0.0,False
Урматова Айпери Нурбековна,2026-02,-397575.72,67598.21,465173.93,-1.4551915228366852e-11,286109.38,-179064.55,-465173.93,-111466.33999999997,-111466.33999999998,-1.4551915228366852e-11,0.0,-1.4551915228366852e-11,0.0,False
Урматова Айпери Нурбековна,2026-03,67598.21,-261964.19,-329562.39999999997,-5.820766091346741e-11,-179064.54999999978,205113.0900000001,384177.6399999999,-111466.33999999978,-56851.09999999989,54615.23999999989,54615.239999999874,1.4551915228366852e-11,0.0,False
Урматова Айпери Нурбековна,2026-04,-261964.19,-927131.59,-665167.4,1.1641532182693481e-10,205113.09000000005,399780.49000000005,194667.4,-56851.09999999995,-527351.0999999999,-470499.9999999999,-470499.9999999999,0.0,0.0,False
Урматова Айпери Нурбековна,2026-05,-927131.59,-883166.85,43964.73999999999,0.0,399780.49,357077.35000000003,-42703.13999999996,-527351.1,-526089.5,1261.5999999999767,1261.6000000000276,-5.093170329928398e-11,0.0,False
Урматова Айпери Нурбековна,2026-06,-883166.85,-400983.57,482183.28,-5.820766091346741e-11,357077.3500000001,-125105.9299999999,-482183.27999999997,-526089.4999999999,-526089.4999999999,0.0,0.0,0.0,0.0,False
Урматова Айпери Нурбековна,2026-07,-400983.57,-359457.59,41525.980000000025,-5.820766091346741e-11,-125105.92999999988,-166261.5099999999,-41155.580000000016,-526089.4999999999,-525719.0999999999,370.4000000000233,370.3999999999505,7.275957614183426e-11,0.0,False
ЧОЛПОН ТУР,2026-01,675634.37,534751.53,-140882.84,0.0,-1080224.21,-1426041.3699999999,-345817.16,-404589.83999999997,-891289.8399999999,-486699.9999999999,-486700.0,1.1641532182693481e-10,0.0,False
ЧОЛПОН ТУР,2026-02,534751.53,1042363.9,507612.37,0.0,-1426041.3699999999,-1902788.13,-476746.76000000007,-891289.8399999999,-860424.2299999999,30865.609999999986,30865.609999999928,5.820766091346741e-11,0.0,False
ЧОЛПОН ТУР,2026-05,884320.47,1064788.29,180467.81999999998,0.0,-2145420.9899999998,-2518954.2199999997,-373533.23000000004,-1261100.5199999998,-1454165.9299999997,-193065.40999999992,-193065.41000000006,1.4551915228366852e-10,-158043.43000000005,False
ЧОЛПОН ТУР,2026-06,1064788.29,1492878.49,428090.19999999995,0.0,-2518954.2199999997,-2947301.46,-428347.24,-1454165.9299999997,-1454422.97,-257.0400000002701,-257.04000000003725,-2.3283064365386963e-10,0.0,False
ЧОЛПОН ТУР,2026-07,1492878.49,1062221.6,-430656.89,0.0,-2947301.4599999995,-2789360.6799999997,157940.7799999999,-1454422.9699999995,-1727139.0799999996,-272716.1100000001,-272716.1100000001,0.0,0.0,False
ЧОЛПОН ЭЙР,2026-01,-801686.12,-1089613.1,-287926.98,0.0,749266.04,1037304.5700000001,288038.52999999997,-52420.07999999996,-52308.53000000003,111.54999999993015,111.54999999998836,-5.820766091346741e-11,0.0,False
ЧОЛПОН ЭЙР,2026-02,-1089613.1,-1135195.18,-45582.080000000016,2.3283064365386963e-10,1037304.57,1036617.45,-687.1199999999953,-52308.530000000144,-98577.72999999998,-46269.19999999984,-46269.19999999978,-5.820766091346741e-11,0.0,False
ЧОЛПОН ЭЙР,2026-03,-1135195.18,-1496328.28,-361133.10000000003,0.0,1036617.45,1388200.47,351583.01999999996,-98577.72999999998,-108127.81000000006,-9550.080000000075,-9550.080000000075,0.0,0.0,False
ЧОЛПОН ЭЙР,2026-04,-1496328.28,-1757226.2,-260897.91999999998,0.0,1388200.4700000002,1318598.3900000001,-69602.07999999999,-108127.80999999982,-438627.8099999998,-330500.0,-330500.0,0.0,0.0,False
ЧОЛПОН ЭЙР,2026-05,-1757226.2,-1525671.64,231554.56,0.0,1318598.39,1201548.25,-117050.13999999991,-438627.81000000006,-324123.3899999999,114504.42000000016,114504.42000000009,7.275957614183426e-11,0.0,False
ЧОЛПОН ЭЙР,2026-06,-1525671.64,-751719.29,773952.35,-1.1641532182693481e-10,1201548.25,411171.9,-790376.35,-324123.3899999999,-340547.39,-16424.000000000116,-16424.000000000116,0.0,0.0,False
ЧОЛПОН ЭЙР,2026-07,-1035028.28,-927588.96,107439.31999999999,1.1641532182693481e-10,411171.90000000014,283889.40000000014,-127282.49999999999,-623856.3799999999,-643699.5599999998,-19843.179999999935,-19843.179999999877,-5.820766091346741e-11,-283308.99,True
Чолпон Тревел,2026-01,0.0,102343.28,102343.28,0.0,0.0,-102343.28,-102343.28,0.0,0.0,0.0,0.0,0.0,0.0,False
Чолпон Тревел,2026-02,102343.28,-200965.58,-303308.86,0.0,-102343.28,200965.58,303308.86,0.0,0.0,0.0,0.0,0.0,0.0,False
Чолпон Тревел,2026-03,-200965.58,-432467.17,-231501.59,0.0,200965.58000000007,432467.17000000004,231501.58999999997,8.731149137020111e-11,5.820766091346741e-11,-2.9103830456733704e-11,-2.9103830456733704e-11,0.0,0.0,False
Чолпон Тревел,2026-06,-505137.16,-34185.7,470951.46,-4.3655745685100555e-11,505312.05999999994,-226039.40000000002,-731351.46,174.89999999996508,-260225.10000000003,-260400.0,-260400.0,0.0,-72669.98999999999,False
Чолпон Тревел,2026-07,-34185.7,-48892.8,-14707.100000000002,0.0,-226039.40000000002,-211332.30000000005,14707.099999999977,-260225.10000000003,-260225.10000000003,0.0,-2.546585164964199e-11,2.546585164964199e-11,0.0,False
Чынар уулу Эмир,2026-01,-275815.92,-50955.04,224860.88,-2.1827872842550278e-11,275815.92000000004,50955.04000000004,-224860.88,5.820766091346741e-11,3.637978807091713e-11,-2.1827872842550278e-11,-2.9103830456733704e-11,7.275957614183426e-12,0.0,False
Чынар уулу Эмир,2026-04,-1242772.64,-1160665.94,82106.7,0.0,878953.78,796847.0800000001,-82106.7,-363818.85999999987,-363818.85999999987,0.0,0.0,0.0,-1191817.5999999999,False
Чынар уулу Эмир,2026-05,-1155865.94,-576025.51,579840.43,-1.1641532182693481e-10,796847.0800000001,242541.05000000008,-554306.03,-359018.85999999987,-333484.45999999996,25534.399999999907,25534.399999999907,0.0,4800.0,True
Чынар уулу Эмир,2026-06,-576025.51,-184063.0,391962.51,0.0,242541.05000000005,-166563.03999999998,-409104.09,-333484.45999999996,-350626.04,-17141.580000000016,-17141.580000000016,0.0,0.0,False
Чынар уулу Эмир,2026-07,-184063.0,-282656.0,-98593.0,0.0,-166563.03999999992,-113128.03999999992,53435.0,-350626.0399999999,-395784.0399999999,-45158.0,-45158.0,0.0,0.0,False
Чынарова Бурул Джолдошовна,2026-01,0.0,400416.19,400416.19,0.0,0.0,-397444.64,-397444.64,0.0,2971.5499999999884,2971.5499999999884,2971.5499999999884,0.0,0.0,False
Чынарова Бурул Джолдошовна,2026-02,400416.19,-350370.96,-750787.15,0.0,-397444.6400000001,353246.16,750690.8,2971.54999999993,2875.1999999999534,-96.34999999997672,-96.34999999997672,0.0,0.0,False
Чынарова Бурул Джолдошовна,2026-03,-350370.96,-697542.13,-347171.17000000004,1.1641532182693481e-10,353246.1599999999,581771.0299999999,228524.87,2875.199999999895,-115771.1000000001,-118646.29999999999,-118646.29999999993,-5.820766091346741e-11,0.0,False
Чынарова Бурул Джолдошовна,2026-04,-697542.13,-636123.85,61418.27999999999,0.0,581771.03,520352.75,-61418.28,-115771.09999999998,-115771.09999999998,0.0,-7.275957614183426e-12,7.275957614183426e-12,0.0,False
Чынарова Бурул Джолдошовна,2026-05,-636123.85,-385742.43,250381.41999999998,0.0,520352.74999999994,147818.64999999997,-372534.1,-115771.10000000003,-237923.78000000003,-122152.68,-122152.68,0.0,0.0,False
Чынарова Бурул Джолдошовна,2026-06,-385742.43,-173006.38,212736.05,0.0,147818.64999999967,-85491.42000000039,-233310.07000000007,-237923.78000000032,-258497.8000000004,-20574.020000000077,-20574.020000000077,0.0,0.0,False
Чынарова Бурул Джолдошовна,2026-07,-173006.38,208940.87,381947.25,0.0,-85491.41999999993,-460695.94999999984,-375204.5299999999,-258497.79999999993,-251755.07999999984,6742.7200000000885,6742.7200000000885,0.0,0.0,False
ЫЙЫК ЭКСПРЕСС,2026-01,0.0,-940688.08,-940688.08,0.0,-386181.94999999995,788062.7900000003,1174244.7400000002,-386181.94999999995,-152625.2899999997,233556.66000000027,233556.66000000027,0.0,0.0,False
ЫЙЫК ЭКСПРЕСС,2026-02,-935888.08,-470892.78,464995.3,-5.820766091346741e-11,788062.7900000003,323067.49000000017,-464995.30000000005,-147825.2899999997,-147825.28999999986,-1.7462298274040222e-10,-1.1641532182693481e-10,-5.820766091346741e-11,4800.0,True
ЫЙЫК ЭКСПРЕСС,2026-03,-470892.78,-1047616.87,-576724.0900000001,1.1641532182693481e-10,323067.4899999995,894432.8899999997,571365.4000000001,-147825.2900000005,-153183.98000000033,-5358.689999999828,-5358.689999999828,0.0,0.0,False
ЫЙЫК ЭКСПРЕСС,2026-04,-1047616.87,-1743760.55,-696143.68,0.0,894432.8900000001,1453203.57,558770.6799999999,-153183.97999999986,-290556.98,-137373.00000000012,-137373.00000000012,0.0,0.0,False
ЫЙЫК ЭКСПРЕСС,2026-05,-1743760.55,-1190672.65,553087.9,0.0,1453203.5699999998,921687.2299999997,-531516.3400000001,-290556.9800000002,-268985.42000000016,21571.560000000056,21571.55999999994,1.1641532182693481e-10,0.0,False
ЫЙЫК ЭКСПРЕСС,2026-06,-1190672.65,-1065785.55,124887.09999999998,-2.3283064365386963e-10,921687.2299999999,599387.3699999999,-322299.86,-268985.42000000004,-466398.18000000017,-197412.76000000013,-197412.76000000024,1.1641532182693481e-10,0.0,False
ЫЙЫК ЭКСПРЕСС,2026-07,-1065785.55,-784767.31,281018.24,0.0,599387.3700000001,328369.13000000006,-271018.24,-466398.17999999993,-456398.18,9999.999999999942,10000.0,-5.820766091346741e-11,0.0,False
Ыйык Авиакасса,2026-01,0.0,-122646.12,-122646.12,0.0,0.0,122646.12,122646.12,0.0,0.0,0.0,0.0,0.0,0.0,False
Ыйык Авиакасса,2026-02,-122646.12,-318607.99,-195961.87,0.0,122646.12,196107.99,73461.87,0.0,-122500.0,-122500.0,-122500.0,0.0,0.0,False
Ыйык Авиакасса,2026-03,-318607.99,-549998.06,-231390.07,0.0,196107.99000000002,10098.05999999999,-186009.93000000002,-122499.99999999997,-539900.0000000001,-417400.0000000001,-417400.0,-1.1641532182693481e-10,0.0,False
Ыйык Авиакасса,2026-04,-549998.06,-938449.28,-388451.22,0.0,10098.059999999998,398446.44,388348.38,-539900.0,-540002.8400000001,-102.84000000008382,-102.8399999999674,-1.1641532182693481e-10,0.0,False
Ыйык Авиакасса,2026-05,-938449.28,-671081.43,267367.85,0.0,398446.44,131078.58999999997,-267367.85000000003,-540002.8400000001,-540002.8400000001,0.0,-5.820766091346741e-11,5.820766091346741e-11,0.0,False
Ыйык Авиакасса,2026-06,-598591.43,-219275.04,379316.38999999996,8.731149137020111e-11,131078.59000000005,-76268.83999999994,-207347.43,-467512.83999999997,-295543.87999999995,171968.96000000002,171968.96000000002,0.0,72490.0,True
Ыйык Авиакасса,2026-07,-219275.04,30768.82,250043.86000000002,-7.275957614183426e-12,-76268.84000000003,-283488.62,-207219.77999999997,-295543.88,-252719.8,42824.080000000016,42824.080000000045,-2.9103830456733704e-11,0.0,False
Ыйык Тур,2026-01,700561.83,319120.29,-381441.5399999999,-5.820766091346741e-11,-682702.96,228687.5800000002,911390.5400000002,17858.869999999995,547807.8700000001,529949.0000000001,529949.0000000002,-1.1641532182693481e-10,0.0,False
Ыйык Тур,2026-02,319120.29,-912735.67,-1231855.96,-1.1641532182693481e-10,228687.58000000042,391512.0500000005,162824.4700000001,547807.8700000003,-521223.61999999953,-1069031.4899999998,-1069031.4899999998,0.0,0.0,False
Ыйык Тур,2026-03,-912735.67,-856905.65,55830.02000000002,0.0,391512.0500000003,251719.78000000026,-139792.27000000002,-521223.61999999976,-605185.8699999998,-83962.25,-83962.25,0.0,0.0,False
Ыйык Тур,2026-04,-856905.65,627154.23,1484059.88,1.1641532182693481e-10,251719.78000000003,-1160859.5499999998,-1412579.3299999998,-605185.87,-533705.3199999998,71480.55000000016,71480.55000000005,1.1641532182693481e-10,0.0,False
Ыйык Тур,2026-05,627154.23,731768.0,104613.76999999995,1.1641532182693481e-10,-1160859.5499999993,-1068959.5699999994,91899.98000000004,-533705.3199999994,-337191.56999999937,196513.75,196513.75000000012,-1.1641532182693481e-10,0.0,False
Ыйык Тур,2026-06,731768.0,461412.82,-270355.17999999993,-5.820766091346741e-11,-1068959.5699999996,-1588037.9799999997,-519078.4100000001,-337191.5699999996,-1126625.1599999997,-789433.5900000001,-789433.5900000001,0.0,0.0,False
Ыйык Тур,2026-07,461412.82,-84814.64,-546227.46,-4.3655745685100555e-11,-1588037.9799999997,-1582746.6999999997,5291.280000000028,-1126625.1599999997,-1667561.3399999996,-540936.1799999999,-540936.1799999999,0.0,0.0,False
Эсенбек уулу Азамат,2026-01,0.0,-169386.56,-169386.56,0.0,0.0,169386.56,169386.56,0.0,0.0,0.0,0.0,0.0,0.0,False
Эсенбек уулу Азамат,2026-02,-169386.56,244493.31,413879.87,0.0,169386.56,-244493.31,-413879.87,0.0,0.0,0.0,0.0,0.0,0.0,False
Эсенбек уулу Азамат,2026-03,244493.31,-474692.58,-719185.89,0.0,-244493.31000000017,474692.57999999996,719185.8900000001,-1.7462298274040222e-10,-5.820766091346741e-11,1.1641532182693481e-10,1.1641532182693481e-10,0.0,0.0,False
Эсенбек уулу Азамат,2026-04,-474692.58,-641632.37,-166939.79,0.0,474692.5800000001,599431.9500000001,124739.37,5.820766091346741e-11,-42200.419999999925,-42200.419999999984,-42200.42000000001,2.9103830456733704e-11,0.0,False
Эсенбек уулу Азамат,2026-05,-641632.37,-788071.01,-146438.64,0.0,599431.9500000002,720681.0300000001,121249.08000000002,-42200.41999999981,-67389.97999999986,-25189.560000000056,-25189.559999999998,-5.820766091346741e-11,0.0,False
Эсенбек уулу Азамат,2026-06,-788071.01,-294602.36,493468.64999999997,5.820766091346741e-11,720681.0300000001,57712.380000000136,-662968.65,-67389.97999999986,-236889.97999999986,-169500.0,-169500.0,0.0,0.0,False
Эсенбек уулу Азамат,2026-07,-294602.36,-151329.08,143273.28,0.0,57712.38000000015,-85560.89999999988,-143273.28000000003,-236889.97999999984,-236889.97999999986,-2.9103830456733704e-11,-2.9103830456733704e-11,0.0,0.0,False
Эсенбеков Кубат Элдияревич,2026-01,853225.62,987987.68,134762.06000000003,0.0,-853225.6199999999,-1029711.6799999999,-176486.06,1.1641532182693481e-10,-41723.99999999988,-41724.0,-41723.99999999997,-2.9103830456733704e-11,0.0,False
Эсенбеков Кубат Элдияревич,2026-02,987987.68,481603.7,-506383.98,-5.820766091346741e-11,-1029711.6799999999,-903701.22,126010.45999999998,-41723.99999999988,-422097.51999999996,-380373.5200000001,-380373.5200000001,0.0,0.0,False
Эсенбеков Кубат Элдияревич,2026-03,481603.7,830436.33,348832.63,-1.1641532182693481e-10,-903701.22,-1378019.19,-474317.97,-422097.51999999996,-547582.86,-125485.34000000003,-125485.34000000008,5.820766091346741e-11,0.0,False
Эсенбеков Кубат Элдияревич,2026-04,830436.33,1141208.8,310772.47000000003,0.0,-1378019.19,-1700246.66,-322227.47000000003,-547582.86,-559037.8599999999,-11454.999999999884,-11455.0,1.1641532182693481e-10,0.0,False
Эсенбеков Кубат Элдияревич,2026-05,1141208.8,1584967.49,443758.68999999994,0.0,-1700246.6599999997,-2161025.4699999997,-460778.81,-559037.8599999996,-576057.9799999997,-17020.12000000011,-17020.120000000054,-5.820766091346741e-11,0.0,False
Эсенбеков Кубат Элдияревич,2026-06,1584967.49,1551198.44,-33769.04999999999,0.0,-2161025.4699999997,-2301375.42,-140349.95,-576057.9799999997,-750176.98,-174119.00000000023,-174119.0,-2.3283064365386963e-10,0.0,False
Эсенбеков Кубат Элдияревич,2026-07,1551198.44,888244.43,-662954.01,1.1641532182693481e-10,-2301375.4200000004,-1638579.0500000003,662796.37,-750176.9800000004,-750334.6200000002,-157.63999999978114,-157.63999999989755,1.1641532182693481e-10,0.0,False
Эсенбекова Айгуль Нурбекевна,2026-01,0.0,519210.73,519210.73,0.0,0.0,-546299.39,-546299.39,0.0,-27088.660000000033,-27088.660000000033,-27088.660000000033,0.0,0.0,False
Эсенбекова Айгуль Нурбекевна,2026-02,519210.73,268087.13,-251123.6,0.0,-546299.39,-295175.79000000004,251123.6,-27088.660000000033,-27088.660000000033,0.0,0.0,0.0,0.0,False
Эсенбекова Айгуль Нурбекевна,2026-03,268087.13,38042.81,-230044.32,0.0,-295175.79,-473631.47,-178455.68,-27088.659999999974,-435588.66,-408500.0,-408500.0,0.0,0.0,False
Эсенбекова Айгуль Нурбекевна,2026-04,38042.81,168239.26,130196.45000000001,0.0,-473631.4699999999,-603827.9199999999,-130196.45000000001,-435588.6599999999,-435588.6599999999,0.0,0.0,0.0,0.0,False
Эсенбекова Айгуль Нурбекевна,2026-05,168239.26,-247517.98,-415757.24,-2.9103830456733704e-11,-603827.9199999999,-188070.67999999996,415757.23999999993,-435588.6599999999,-435588.66,-5.820766091346741e-11,-5.820766091346741e-11,0.0,0.0,False
Эсенбекова Айгуль Нурбекевна,2026-06,-247517.98,-10487.26,237030.72,9.094947017729282e-12,-188070.68,-435101.39999999997,-247030.71999999997,-435588.66000000003,-445588.66,-9999.999999999942,-9999.99999999997,2.9103830456733704e-11,0.0,False
Эсенбекова Айгуль Нурбекевна,2026-07,-10487.26,-312903.7,-302416.44,0.0,-435101.39999999997,-135830.36,299271.04,-445588.66,-448734.06,-3145.4000000000233,-3145.4000000000233,0.0,0.0,False
