agent,period_start,period_end,saldo_start,saldo_end,mv,rows,status,folder,internal_delta,prev_end,prev_period_end,jump,consecutive,continuity_break,jump_over_missing
Ak-Bulak Voyage,2026-01-01,2026-01-31,0.0,-398788.25,-398788.25,9,,Ak-Bulak Voyage,0.0,,,,False,False,False
Ak-Bulak Voyage,2026-03-01,2026-03-31,102299.63,-162591.5,-264891.13,15,,Ak-Bulak Voyage,0.0,-398788.25,2026-01-31,501087.88,False,False,True
Ak-Bulak Voyage,2026-04-01,2026-04-30,-162591.5,-253907.41,-91315.90999999999,10,,Ak-Bulak Voyage,-2.9103830456733704e-11,-162591.5,2026-03-31,0.0,True,False,False
Ak-Bulak Voyage,2026-05-01,2026-05-31,-253907.41,-610056.98,-356149.57000000007,23,,Ak-Bulak Voyage,1.1641532182693481e-10,-253907.41,2026-04-30,0.0,True,False,False
Ak-Bulak Voyage,2026-06-01,2026-06-30,-610056.98,-326732.13,283324.85,8,,Ak-Bulak Voyage,0.0,-610056.98,2026-05-31,0.0,True,False,False
Ak-Bulak Voyage,2026-07-01,2026-07-31,-326732.13,-377925.16,-51193.03000000003,21,,Ak-Bulak Voyage,5.820766091346741e-11,-326732.13,2026-06-30,0.0,True,False,False
Ala-Too Travel,2026-01-01,2026-01-31,0.0,-147353.8,-147353.8,8,,Ala-Too Travel,0.0,,,,False,False,False
Ala-Too Travel,2026-02-01,2026-02-28,-147353.8,-266377.05,-119023.25,8,,Ala-Too Travel,0.0,-147353.8,2026-01-31,0.0,True,False,False
Ala-Too Travel,2026-03-01,2026-03-31,-266377.05,-1072376.21,-805999.1599999999,9,,Ala-Too Travel,0.0,-266377.05,2026-02-28,0.0,True,False,False
Ala-Too Travel,2026-04-01,2026-04-30,-1072376.21,-1004260.13,68116.08000000002,6,,Ala-Too Travel,-1.1641532182693481e-10,-1072376.21,2026-03-31,0.0,True,False,False
Ala-Too Travel,2026-05-01,2026-05-31,-1004260.13,-563010.87,441249.26,13,,Ala-Too Travel,0.0,-1004260.13,2026-04-30,0.0,True,False,False
Ala-Too Travel,2026-06-01,2026-06-30,-563010.87,-434234.69,128776.18,16,,Ala-Too Travel,0.0,-563010.87,2026-05-31,0.0,True,False,False
Ala-Too Travel,2026-07-01,2026-07-31,-434234.69,20493.07,454727.76,14,,Ala-Too Travel,-7.275957614183426e-12,-434234.69,2026-06-30,0.0,True,False,False
Aylana Tour,2026-01-01,2026-01-31,0.0,371506.63,371506.63,13,,Aylana Tour,0.0,,,,False,False,False
Aylana Tour,2026-02-01,2026-02-28,371506.63,-1082647.77,-1454154.4000000001,23,,Aylana Tour,0.0,371506.63,2026-01-31,0.0,True,False,False
Aylana Tour,2026-03-01,2026-03-31,-1055147.77,-1366718.54,-311570.77,19,,Aylana Tour,0.0,-1082647.77,2026-02-28,27500.0,True,True,False
Aylana Tour,2026-04-01,2026-04-30,-1366718.54,-1266818.21,99900.33000000002,23,,Aylana Tour,0.0,-1366718.54,2026-03-31,0.0,True,False,False
Aylana Tour,2026-05-01,2026-05-31,-1266818.21,-451883.26,814934.95,23,,Aylana Tour,0.0,-1266818.21,2026-04-30,0.0,True,False,False
Aylana Tour,2026-06-01,2026-06-30,-451883.26,-1044280.14,-592396.8799999999,35,,Aylana Tour,-1.1641532182693481e-10,-451883.26,2026-05-31,0.0,True,False,False
Aylana Tour,2026-07-01,2026-07-31,-1044280.14,-1098766.32,-54486.180000000015,26,,Aylana Tour,0.0,-1044280.14,2026-06-30,0.0,True,False,False
Bishkek Fly,2026-01-01,2026-01-31,608241.92,776652.15,168410.22999999998,10,,Bishkek Fly,0.0,,,,False,False,False
Bishkek Fly,2026-02-01,2026-02-28,776652.15,524424.16,-252227.99000000002,6,,Bishkek Fly,0.0,776652.15,2026-01-31,0.0,True,False,False
Bishkek Fly,2026-03-01,2026-03-31,524424.16,768557.86,244133.7,10,,Bishkek Fly,-1.1641532182693481e-10,524424.16,2026-02-28,0.0,True,False,False
Bishkek Fly,2026-04-01,2026-04-30,768557.86,-385204.7,-1153762.56,7,,Bishkek Fly,5.820766091346741e-11,768557.86,2026-03-31,0.0,True,False,False
Bishkek Fly,2026-05-01,2026-05-31,-385204.7,-47229.31,337975.38999999996,13,,Bishkek Fly,5.820766091346741e-11,-385204.7,2026-04-30,0.0,True,False,False
Bishkek Fly,2026-06-01,2026-06-30,-47229.31,-362292.12,-315062.81,7,,Bishkek Fly,0.0,-47229.31,2026-05-31,0.0,True,False,False
Bishkek Fly,2026-07-01,2026-07-31,-362292.12,85375.68,447667.8,12,,Bishkek Fly,0.0,-362292.12,2026-06-30,0.0,True,False,False
Blue Bird Travel,2026-01-01,2026-01-31,-31471.24,-332757.52,-301286.27999999997,26,,Blue Bird Travel,-5.820766091346741e-11,,,,False,False,False
Blue Bird Travel,2026-02-01,2026-02-28,-332757.52,-369986.77,-37229.25,21,,Blue Bird Travel,0.0,-332757.52,2026-01-31,0.0,True,False,False
Blue Bird Travel,2026-03-01,2026-03-31,-369986.77,30180.65,400167.42000000004,29,,Blue Bird Travel,-2.1827872842550278e-11,-369986.77,2026-02-28,0.0,True,False,False
Blue Bird Travel,2026-04-01,2026-04-30,30180.65,-204190.34,-234370.99,24,,Blue Bird Travel,0.0,30180.65,2026-03-31,0.0,True,False,False
Blue Bird Travel,2026-05-01,2026-05-31,-204190.34,-602240.98,-398050.64,42,,Blue Bird Travel,0.0,-204190.34,2026-04-30,0.0,True,False,False
Blue Bird Travel,2026-06-01,2026-06-30,-602240.98,-1234350.23,-632109.25,34,,Blue Bird Travel,0.0,-602240.98,2026-05-31,0.0,True,False,False
Blue Bird Travel,2026-07-01,2026-07-31,-1234350.23,-810250.2,424100.03,33,,Blue Bird Travel,0.0,-1234350.23,2026-06-30,0.0,True,False,False
Issyk-Kul Air,2026-01-01,2026-01-31,789379.68,1042005.67,252625.99,7,,Issyk-Kul Air,0.0,,,,False,False,False
Issyk-Kul Air,2026-02-01,2026-02-28,1042005.67,1505118.47,463112.8,7,,Issyk-Kul Air,0.0,1042005.67,2026-01-31,0.0,True,False,False
Issyk-Kul Air,2026-03-01,2026-03-31,1505118.47,780128.69,-724989.78,11,,Issyk-Kul Air,0.0,1505118.47,2026-02-28,0.0,True,False,False
Issyk-Kul Air,2026-04-01,2026-04-30,780128.69,363213.05,-416915.64,5,,Issyk-Kul Air,5.820766091346741e-11,780128.69,2026-03-31,0.0,True,False,False
Issyk-Kul Air,2026-05-01,2026-05-31,363213.05,833453.43,470240.38,12,,Issyk-Kul Air,1.1641532182693481e-10,363213.05,2026-04-30,0.0,True,False,False
Issyk-Kul Air,2026-06-01,2026-06-30,833453.43,668414.69,-165038.74,16,,Issyk-Kul Air,-1.1641532182693481e-10,833453.43,2026-05-31,0.0,True,False,False
Issyk-Kul Air,2026-07-01,2026-07-31,668414.69,-300029.79,-968444.48,14,,Issyk-Kul Air,5.820766091346741e-11,668414.69,2026-06-30,0.0,True,False,False
Jailoo Trip,2026-01-01,2026-01-31,457089.09,716682.84,259593.75,7,,Jailoo Trip,-1.1641532182693481e-10,,,,False,False,False
Jailoo Trip,2026-02-01,2026-02-28,716682.84,833665.32,116982.48000000001,11,,Jailoo Trip,0.0,716682.84,2026-01-31,0.0,True,False,False
Jailoo Trip,2026-03-01,2026-03-31,833665.32,593147.09,-240518.22999999998,12,,Jailoo Trip,0.0,833665.32,2026-02-28,0.0,True,False,False
Jailoo Trip,2026-04-01,2026-04-30,593147.09,304813.65,-288333.44,17,,Jailoo Trip,5.820766091346741e-11,593147.09,2026-03-31,0.0,True,False,False
Jailoo Trip,2026-05-01,2026-05-31,304813.65,726777.55,421963.9,15,переиздан,Jailoo Trip,0.0,304813.65,2026-04-30,0.0,True,False,False
Jailoo Trip,2026-06-01,2026-06-30,726777.55,756851.01,30073.459999999977,17,,Jailoo Trip,0.0,726777.55,2026-05-31,0.0,True,False,False
Jailoo Trip,2026-07-01,2026-07-31,756851.01,191581.98,-565269.0299999999,21,,Jailoo Trip,-8.731149137020111e-11,756851.01,2026-06-30,0.0,True,False,False
Karakol Express,2026-01-01,2026-01-31,429590.95,2092583.1,1662992.1500000001,176,,Karakol Express,0.0,,,,False,False,False
Karakol Express,2026-02-01,2026-02-28,2092583.1,2276178.24,183595.14000000004,111,,Karakol Express,0.0,2092583.1,2026-01-31,0.0,True,False,False
Karakol Express,2026-03-01,2026-03-31,2276178.24,1896303.66,-379874.57999999996,167,,Karakol Express,-2.3283064365386963e-10,2276178.24,2026-02-28,0.0,True,False,False
Karakol Express,2026-04-01,2026-04-30,1896303.66,653444.34,-1242859.3199999998,144,,Karakol Express,-1.1641532182693481e-10,1896303.66,2026-03-31,0.0,True,False,False
Karakol Express,2026-05-01,2026-05-31,653444.34,1048999.83,395555.49000000005,226,,Karakol Express,0.0,653444.34,2026-04-30,0.0,True,False,False
Karakol Express,2026-06-01,2026-06-30,1048999.83,958749.71,-90250.12000000013,212,,Karakol Express,0.0,1048999.83,2026-05-31,0.0,True,False,False
Karakol Express,2026-07-01,2026-07-31,958749.71,2477723.26,1518973.55,245,,Karakol Express,0.0,958749.71,2026-06-30,0.0,True,False,False
Kumtor Tours,2026-01-01,2026-01-31,696393.98,635362.85,-61031.129999999976,24,,Kumtor Tours,0.0,,,,False,False,False
Kumtor Tours,2026-02-01,2026-02-28,635362.85,170244.37,-465118.48,10,,Kumtor Tours,0.0,635362.85,2026-01-31,0.0,True,False,False
Kumtor Tours,2026-03-01,2026-03-31,170244.37,200556.49,30312.119999999995,16,,Kumtor Tours,0.0,170244.37,2026-02-28,0.0,True,False,False
Kumtor Tours,2026-04-01,2026-04-30,200556.49,269687.67,69131.18,10,,Kumtor Tours,0.0,200556.49,2026-03-31,0.0,True,False,False
Kumtor Tours,2026-05-01,2026-05-31,269687.67,-383390.58,-653078.25,7,,Kumtor Tours,0.0,269687.67,2026-04-30,0.0,True,False,False
Kumtor Tours,2026-06-01,2026-06-30,-383390.58,177632.74,561023.32,17,,Kumtor Tours,5.820766091346741e-11,-383390.58,2026-05-31,0.0,True,False,False
Kumtor Tours,2026-07-01,2026-07-31,177632.74,708487.84,530855.1,17,,Kumtor Tours,0.0,177632.74,2026-06-30,0.0,True,False,False
Nomad Trip,2026-01-01,2026-01-31,0.0,72951.79,72951.79000000001,8,,Nomad Trip,-1.4551915228366852e-11,,,,False,False,False
Nomad Trip,2026-02-01,2026-02-28,72951.79,-595858.74,-668810.53,5,,Nomad Trip,0.0,72951.79,2026-01-31,0.0,True,False,False
Nomad Trip,2026-03-01,2026-03-31,-595858.74,-663411.03,-67552.29000000004,14,,Nomad Trip,0.0,-595858.74,2026-02-28,0.0,True,False,False
Nomad Trip,2026-04-01,2026-04-30,-663411.03,-842767.71,-179356.68,10,,Nomad Trip,0.0,-663411.03,2026-03-31,0.0,True,False,False
Nomad Trip,2026-05-01,2026-05-31,-842767.71,-557022.69,285745.01999999996,17,,Nomad Trip,0.0,-842767.71,2026-04-30,0.0,True,False,False
Nomad Trip,2026-06-01,2026-06-30,-557022.69,-135593.55,421429.14,11,,Nomad Trip,-5.820766091346741e-11,-557022.69,2026-05-31,0.0,True,False,False
Nomad Trip,2026-07-01,2026-07-31,-28036.45,45229.57,73266.01999999999,16,,Nomad Trip,7.275957614183426e-12,-135593.55,2026-06-30,107557.09999999999,True,True,False
Silk Route Air,2026-01-01,2026-01-31,344356.23,471960.0,127603.76999999999,14,,Silk Route Air,0.0,,,,False,False,False
Silk Route Air,2026-02-01,2026-02-28,471960.0,365243.1,-106716.9,15,,Silk Route Air,0.0,471960.0,2026-01-31,0.0,True,False,False
Silk Route Air,2026-03-01,2026-03-31,365243.1,738422.91,373179.81,8,,Silk Route Air,1.1641532182693481e-10,365243.1,2026-02-28,0.0,True,False,False
Silk Route Air,2026-04-01,2026-04-30,738422.91,-184685.04,-923107.95,17,,Silk Route Air,-8.731149137020111e-11,738422.91,2026-03-31,0.0,True,False,False
Silk Route Air,2026-05-01,2026-05-31,-184685.04,-61455.84,123229.19999999998,20,,Silk Route Air,2.9103830456733704e-11,-184685.04,2026-04-30,0.0,True,False,False
Silk Route Air,2026-06-01,2026-06-30,-61455.84,589515.66,650971.5,16,,Silk Route Air,0.0,-61455.84,2026-05-31,0.0,True,False,False
Silk Route Air,2026-07-01,2026-07-31,589515.66,-334837.79,-924353.45,11,,Silk Route Air,-5.820766091346741e-11,589515.66,2026-06-30,0.0,True,False,False
SkyWay Travel,2026-01-01,2026-01-31,-138291.5,29162.01,167453.50999999992,263,,SkyWay Travel,7.639755494892597e-11,,,,False,False,False
SkyWay Travel,2026-02-01,2026-02-28,29162.01,-5275406.81,-5304568.82,194,,SkyWay Travel,9.313225746154785e-10,29162.01,2026-01-31,0.0,True,False,False
SkyWay Travel,2026-03-01,2026-03-31,-5275406.81,-8183516.81,-2908110.0,253,,SkyWay Travel,0.0,-5275406.81,2026-02-28,0.0,True,False,False
SkyWay Travel,2026-04-01,2026-04-30,-8156016.81,-10545967.07,-2389950.2600000002,242,,SkyWay Travel,0.0,-8183516.81,2026-03-31,27500.0,True,True,False
SkyWay Travel,2026-05-01,2026-05-31,-10545967.07,-7483130.52,3062836.55,337,,SkyWay Travel,9.313225746154785e-10,-10545967.07,2026-04-30,0.0,True,False,False
SkyWay Travel,2026-06-01,2026-06-30,-7483130.52,-7675497.5,-192366.98,327,,SkyWay Travel,0.0,-7483130.52,2026-05-31,0.0,True,False,False
SkyWay Travel,2026-07-01,2026-07-31,-7675497.5,-8756786.7,-1081289.2,362,,SkyWay Travel,0.0,-7675497.5,2026-06-30,0.0,True,False,False
Steppe Travel,2026-01-01,2026-01-31,868183.44,-244081.34,-1112264.78,16,,Steppe Travel,8.731149137020111e-11,,,,False,False,False
Steppe Travel,2026-02-01,2026-02-28,-244081.34,245933.58,490014.92,15,,Steppe Travel,0.0,-244081.34,2026-01-31,0.0,True,False,False
Steppe Travel,2026-03-01,2026-03-31,245933.58,-406296.88,-652230.46,18,,Steppe Travel,0.0,245933.58,2026-02-28,0.0,True,False,False
Steppe Travel,2026-04-01,2026-04-30,-406296.88,14437.3,420734.18,9,,Steppe Travel,1.0913936421275139e-11,-406296.88,2026-03-31,0.0,True,False,False
Steppe Travel,2026-05-01,2026-05-31,14437.3,307371.65,292934.35,25,,Steppe Travel,5.820766091346741e-11,14437.3,2026-04-30,0.0,True,False,False
Steppe Travel,2026-06-01,2026-06-30,307371.65,756711.38,449339.73,10,,Steppe Travel,0.0,307371.65,2026-05-31,0.0,True,False,False
Steppe Travel,2026-07-01,2026-07-31,756711.38,301892.6,-454818.78,13,,Steppe Travel,0.0,756711.38,2026-06-30,0.0,True,False,False
Sunrise Tours,2026-01-01,2026-01-31,0.0,-158385.98,-158385.97999999998,19,,Sunrise Tours,-2.9103830456733704e-11,,,,False,False,False
Sunrise Tours,2026-02-01,2026-02-28,-158385.98,-1041618.91,-883232.93,16,,Sunrise Tours,0.0,-158385.98,2026-01-31,0.0,True,False,False
Sunrise Tours,2026-03-01,2026-03-31,-1041618.91,-987426.66,54192.25,27,,Sunrise Tours,0.0,-1041618.91,2026-02-28,0.0,True,False,False
Sunrise Tours,2026-04-01,2026-04-30,-987426.66,-1912384.12,-924957.46,15,,Sunrise Tours,0.0,-987426.66,2026-03-31,0.0,True,False,False
Sunrise Tours,2026-05-01,2026-05-31,-1912384.12,-1089092.96,823291.16,21,,Sunrise Tours,0.0,-1912384.12,2026-04-30,0.0,True,False,False
Sunrise Tours,2026-06-01,2026-06-30,-1088829.96,-599838.47,488991.49,31,,Sunrise Tours,0.0,-1089092.96,2026-05-31,263.0,True,True,False
Sunrise Tours,2026-07-01,2026-07-31,-599838.47,-670642.44,-70803.96999999999,21,,Sunrise Tours,0.0,-599838.47,2026-06-30,0.0,True,False,False
Tengri Trip,2026-01-01,2026-01-31,0.0,-538487.54,-538487.54,17,,Tengri Trip,0.0,,,,False,False,False
Tengri Trip,2026-02-01,2026-02-28,-538487.54,-788340.3,-249852.76,18,,Tengri Trip,0.0,-538487.54,2026-01-31,0.0,True,False,False
Tengri Trip,2026-03-01,2026-03-31,-788340.3,-290093.03,498247.27,12,,Tengri Trip,0.0,-788340.3,2026-02-28,0.0,True,False,False
Tengri Trip,2026-04-01,2026-04-30,-290093.03,606075.79,896168.82,30,переиздан,Tengri Trip,1.1641532182693481e-10,-290093.03,2026-03-31,0.0,True,False,False
Tengri Trip,2026-05-01,2026-05-31,606075.79,241985.6,-364090.19,27,,Tengri Trip,-2.9103830456733704e-11,606075.79,2026-04-30,0.0,True,False,False
Tengri Trip,2026-06-01,2026-06-30,241985.6,691118.94,449133.33999999997,26,,Tengri Trip,0.0,241985.6,2026-05-31,0.0,True,False,False
Tengri Trip,2026-07-01,2026-07-31,691118.94,-360965.01,-1052083.95,22,,Tengri Trip,0.0,691118.94,2026-06-30,0.0,True,False,False
Абдылда уулу Б.,2026-01-01,2026-01-31,0.0,-711121.64,-711121.64,73,,ИП Абдылда уулу Б.,0.0,,,,False,False,False
Абдылда уулу Б.,2026-02-01,2026-02-28,-711121.64,-2320420.73,-1609299.09,73,переиздан,ИП Абдылда уулу Б.,0.0,-711121.64,2026-01-31,0.0,True,False,False
Абдылда уулу Б.,2026-03-01,2026-03-31,-2320420.73,-553458.02,1766962.71,67,,ИП Абдылда уулу Б.,0.0,-2320420.73,2026-02-28,0.0,True,False,False
Абдылда уулу Б.,2026-04-01,2026-04-30,-553458.02,-1588104.83,-1034646.8099999999,70,,ИП Абдылда уулу Б.,0.0,-553458.02,2026-03-31,0.0,True,False,False
Абдылда уулу Б.,2026-05-01,2026-05-31,-1588104.83,-2946820.97,-1358716.1400000001,92,,ИП Абдылда уулу Б.,0.0,-1588104.83,2026-04-30,0.0,True,False,False
Абдылда уулу Б.,2026-06-01,2026-06-30,-2946820.97,-2581364.47,365456.49999999994,110,,ИП Абдылда уулу Б.,0.0,-2946820.97,2026-05-31,0.0,True,False,False
Абдылда уулу Б.,2026-07-01,2026-07-31,-2581364.47,-2989595.5,-408231.03,92,,ИП Абдылда уулу Б.,0.0,-2581364.47,2026-06-30,0.0,True,False,False
Абдылдаов Д. М.,2026-01-01,2026-01-31,-149235.78,85088.26,234324.04,22,,ИП Абдылдаов Д. М.,-1.4551915228366852e-11,,,,False,False,False
Абдылдаов Д. М.,2026-02-01,2026-02-28,85088.26,-47858.82,-132947.08000000002,17,,ИП Абдылдаов Д. М.,2.1827872842550278e-11,85088.26,2026-01-31,0.0,True,False,False
Абдылдаов Д. М.,2026-03-01,2026-03-31,-47858.82,-158267.72,-110408.9,23,,ИП Абдылдаов Д. М.,0.0,-47858.82,2026-02-28,0.0,True,False,False
Абдылдаов Д. М.,2026-04-01,2026-04-30,-158267.72,-439669.48,-281401.76,15,,ИП Абдылдаов Д. М.,0.0,-158267.72,2026-03-31,0.0,True,False,False
Абдылдаов Д. М.,2026-05-01,2026-05-31,-439669.48,-818040.25,-378370.77,31,,ИП Абдылдаов Д. М.,0.0,-439669.48,2026-04-30,0.0,True,False,False
Абдылдаов Д. М.,2026-06-01,2026-06-30,-818040.25,-169722.76,648317.49,27,,ИП Абдылдаов Д. М.,0.0,-818040.25,2026-05-31,0.0,True,False,False
Абдылдаов Д. М.,2026-07-01,2026-07-31,-169722.76,-195011.15,-25288.389999999985,28,,ИП Абдылдаов Д. М.,0.0,-169722.76,2026-06-30,0.0,True,False,False
Абдыраманова Д. А.,2026-01-01,2026-01-31,592175.79,781495.69,189319.90000000002,17,,ИП Абдыраманова Д. А.,-1.1641532182693481e-10,,,,False,False,False
Абдыраманова Д. А.,2026-02-01,2026-02-28,781495.69,346188.47,-435307.22,6,,ИП Абдыраманова Д. А.,0.0,781495.69,2026-01-31,0.0,True,False,False
Абдыраманова Д. А.,2026-03-01,2026-03-31,346188.47,645677.69,299489.22000000003,14,,ИП Абдыраманова Д. А.,0.0,346188.47,2026-02-28,0.0,True,False,False
Абдыраманова Д. А.,2026-04-01,2026-04-30,645677.69,-117843.37,-763521.06,8,,ИП Абдыраманова Д. А.,1.1641532182693481e-10,645677.69,2026-03-31,0.0,True,False,False
Абдыраманова Д. А.,2026-05-01,2026-05-31,-117843.37,-140903.7,-23060.329999999987,14,переиздан,ИП Абдыраманова Д. А.,-2.9103830456733704e-11,-117843.37,2026-04-30,0.0,True,False,False
Абдыраманова Д. А.,2026-06-01,2026-06-30,-140903.7,137397.36,278301.06,9,,ИП Абдыраманова Д. А.,0.0,-140903.7,2026-05-31,0.0,True,False,False
Абдыраманова Д. А.,2026-07-01,2026-07-31,137397.36,469164.01,331766.65,14,,ИП Абдыраманова Д. А.,0.0,137397.36,2026-06-30,0.0,True,False,False
Ак-Куу Авиа,2026-01-01,2026-01-31,-287126.5,469499.83,756626.3300000001,120,,"ОсОО ""Ак-Куу Авиа""",-5.820766091346741e-11,,,,False,False,False
Ак-Куу Авиа,2026-02-01,2026-02-28,469499.83,-485345.45,-954845.2799999999,109,,"ОсОО ""Ак-Куу Авиа""",-1.1641532182693481e-10,469499.83,2026-01-31,0.0,True,False,False
Ак-Куу Авиа,2026-03-01,2026-03-31,-485345.45,-4097707.56,-3612362.11,109,,"ОсОО ""Ак-Куу Авиа""",0.0,-485345.45,2026-02-28,0.0,True,False,False
Ак-Куу Авиа,2026-04-01,2026-04-30,-4097707.56,-4370658.45,-272950.89,95,,"ОсОО ""Ак-Куу Авиа""",0.0,-4097707.56,2026-03-31,0.0,True,False,False
Ак-Куу Авиа,2026-05-01,2026-05-31,-4370658.45,-2438381.95,1932276.5,151,,"ОсОО ""Ак-Куу Авиа""",0.0,-4370658.45,2026-04-30,0.0,True,False,False
Ак-Куу Авиа,2026-06-01,2026-06-30,-2438381.95,-1042635.51,1395746.44,155,,"ОсОО ""Ак-Куу Авиа""",2.3283064365386963e-10,-2438381.95,2026-05-31,0.0,True,False,False
Ак-Куу Авиа,2026-07-01,2026-07-31,-1042635.51,-226489.33,816146.1799999998,157,,"ОсОО ""Ак-Куу Авиа""",2.0372681319713593e-10,-1042635.51,2026-06-30,0.0,True,False,False
Ак-Куу Тур,2026-01-01,2026-01-31,0.0,-737458.71,-737458.7100000001,35,,"ОсОО ""Ак-Куу Тур""",1.1641532182693481e-10,,,,False,False,False
Ак-Куу Тур,2026-02-01,2026-02-28,-737458.71,-982551.79,-245093.07999999996,31,,"ОсОО ""Ак-Куу Тур""",-1.1641532182693481e-10,-737458.71,2026-01-31,0.0,True,False,False
Ак-Куу Тур,2026-03-01,2026-03-31,-982551.79,-3354010.21,-2371458.42,44,,"ОсОО ""Ак-Куу Тур""",0.0,-982551.79,2026-02-28,0.0,True,False,False
Ак-Куу Тур,2026-04-01,2026-04-30,-3354010.21,-3011999.6,342010.61,34,,"ОсОО ""Ак-Куу Тур""",0.0,-3354010.21,2026-03-31,0.0,True,False,False
Ак-Куу Тур,2026-05-01,2026-05-31,-3011999.6,-2044608.46,967391.14,68,,"ОсОО ""Ак-Куу Тур""",0.0,-3011999.6,2026-04-30,0.0,True,False,False
Ак-Куу Тур,2026-06-01,2026-06-30,-2044608.46,-1951264.49,93343.97000000004,53,,"ОсОО ""Ак-Куу Тур""",0.0,-2044608.46,2026-05-31,0.0,True,False,False
Ак-Куу Тур,2026-07-01,2026-07-31,-1951264.49,-1645824.0,305440.49000000005,56,,"ОсОО ""Ак-Куу Тур""",0.0,-1951264.49,2026-06-30,0.0,True,False,False
Ала-Арча Авиакасса,2026-01-01,2026-01-31,-161927.31,-209488.87,-47561.560000000005,9,,"ОсОО ""Ала-Арча Авиакасса""",0.0,,,,False,False,False
Ала-Арча Авиакасса,2026-02-01,2026-02-28,-209488.87,94293.05,303781.92,8,,"ОсОО ""Ала-Арча Авиакасса""",1.4551915228366852e-11,-209488.87,2026-01-31,0.0,True,False,False
Ала-Арча Авиакасса,2026-03-01,2026-03-31,94293.05,-202427.46,-296720.51,6,,"ОсОО ""Ала-Арча Авиакасса""",2.9103830456733704e-11,94293.05,2026-02-28,0.0,True,False,False
Ала-Арча Авиакасса,2026-04-01,2026-04-30,-202427.46,-733646.29,-531218.83,7,,"ОсОО ""Ала-Арча Авиакасса""",-1.1641532182693481e-10,-202427.46,2026-03-31,0.0,True,False,False
Ала-Арча Авиакасса,2026-05-01,2026-05-31,-733646.29,-764798.38,-31152.089999999982,13,,"ОсОО ""Ала-Арча Авиакасса""",0.0,-733646.29,2026-04-30,0.0,True,False,False
Ала-Арча Авиакасса,2026-06-01,2026-06-30,-764798.38,-503746.11,261052.27000000002,6,,"ОсОО ""Ала-Арча Авиакасса""",0.0,-764798.38,2026-05-31,0.0,True,False,False
Ала-Арча Авиакасса,2026-07-01,2026-07-31,-503746.11,-207754.43,295991.68,11,,"ОсОО ""Ала-Арча Авиакасса""",0.0,-503746.11,2026-06-30,0.0,True,False,False
Ала-Арча Тревел,2026-01-01,2026-01-31,-789666.86,-1690022.53,-900355.6699999999,16,,"ОсОО ""Ала-Арча Тревел""",-2.3283064365386963e-10,,,,False,False,False
Ала-Арча Тревел,2026-02-01,2026-02-28,-1690022.53,-1522427.99,167594.54,7,,"ОсОО ""Ала-Арча Тревел""",0.0,-1690022.53,2026-01-31,0.0,True,False,False
Ала-Арча Тревел,2026-03-01,2026-03-31,-1522427.99,-1235791.43,286636.56,13,,"ОсОО ""Ала-Арча Тревел""",0.0,-1522427.99,2026-02-28,0.0,True,False,False
Ала-Арча Тревел,2026-04-01,2026-04-30,-1235791.43,-997485.59,238305.84,13,,"ОсОО ""Ала-Арча Тревел""",0.0,-1235791.43,2026-03-31,0.0,True,False,False
Ала-Арча Тревел,2026-05-01,2026-05-31,-997485.59,-1161788.87,-164303.28,7,,"ОсОО ""Ала-Арча Тревел""",-2.3283064365386963e-10,-997485.59,2026-04-30,0.0,True,False,False
Ала-Арча Тревел,2026-06-01,2026-06-30,-1161788.87,-867023.73,294765.14,7,,"ОсОО ""Ала-Арча Тревел""",1.1641532182693481e-10,-1161788.87,2026-05-31,0.0,True,False,False
Ала-Арча Тревел,2026-07-01,2026-07-31,-867023.73,-368444.42,498579.31,17,,"ОсОО ""Ала-Арча Тревел""",0.0,-867023.73,2026-06-30,0.0,True,False,False
Асанов Кубат Чынаревич,2026-01-01,2026-01-31,-599379.78,-653284.68,-53904.899999999994,4,,Асанов Кубат Чынаревич,0.0,,,,False,False,False
Асанов Кубат Чынаревич,2026-03-01,2026-03-31,-846180.68,-609237.55,236943.13,9,,Асанов Кубат Чынаревич,0.0,-653284.68,2026-01-31,-192896.0,False,False,True
Асанов Кубат Чынаревич,2026-04-01,2026-04-30,-609237.55,-739145.01,-129907.46,10,,Асанов Кубат Чынаревич,0.0,-609237.55,2026-03-31,0.0,True,False,False
Асанов Кубат Чынаревич,2026-05-01,2026-05-31,-739145.01,-522243.1,216901.91,12,,Асанов Кубат Чынаревич,0.0,-739145.01,2026-04-30,0.0,True,False,False
Асанов Кубат Чынаревич,2026-06-01,2026-06-30,-522243.1,-900498.65,-378255.55,10,,Асанов Кубат Чынаревич,-1.1641532182693481e-10,-522243.1,2026-05-31,0.0,True,False,False
Асанов Кубат Чынаревич,2026-07-01,2026-07-31,-900498.65,-742645.48,157853.16999999998,6,,Асанов Кубат Чынаревич,0.0,-900498.65,2026-06-30,0.0,True,False,False
Асанова Каныкей Эсенбекевна,2026-01-01,2026-01-31,0.0,134983.51,134983.51,12,,Асанова Каныкей Эсенбекевна,0.0,,,,False,False,False
Асанова Каныкей Эсенбекевна,2026-02-01,2026-02-28,134983.51,45745.25,-89238.26,4,,Асанова Каныкей Эсенбекевна,-1.4551915228366852e-11,134983.51,2026-01-31,0.0,True,False,False
Асанова Каныкей Эсенбекевна,2026-03-01,2026-03-31,45745.25,39105.31,-6639.939999999988,18,,Асанова Каныкей Эсенбекевна,-1.4551915228366852e-11,45745.25,2026-02-28,0.0,True,False,False
Асанова Каныкей Эсенбекевна,2026-04-01,2026-04-30,39105.31,128779.73,89674.42,12,,Асанова Каныкей Эсенбекевна,0.0,39105.31,2026-03-31,0.0,True,False,False
Асанова Каныкей Эсенбекевна,2026-05-01,2026-05-31,128779.73,331074.42,202294.69,16,,Асанова Каныкей Эсенбекевна,0.0,128779.73,2026-04-30,0.0,True,False,False
Асанова Каныкей Эсенбекевна,2026-06-01,2026-06-30,331074.42,-54483.61,-385558.03,13,,Асанова Каныкей Эсенбекевна,4.3655745685100555e-11,331074.42,2026-05-31,0.0,True,False,False
Асанова Каныкей Эсенбекевна,2026-07-01,2026-07-31,-54483.61,-110947.5,-56463.89000000001,22,,Асанова Каныкей Эсенбекевна,0.0,-54483.61,2026-06-30,0.0,True,False,False
БАЙТУР ТУРИЗМ,2026-01-01,2026-01-31,0.0,-118458.94,-118458.94,18,,"ОсОО ""Байтур Туризм""",0.0,,,,False,False,False
БАЙТУР ТУРИЗМ,2026-02-01,2026-02-28,-118458.94,-429040.13,-310581.19,10,,"ОсОО ""Байтур Туризм""",0.0,-118458.94,2026-01-31,0.0,True,False,False
БАЙТУР ТУРИЗМ,2026-03-01,2026-03-31,-429040.13,-113956.69,315083.44,9,,"ОсОО ""Байтур Туризм""",0.0,-429040.13,2026-02-28,0.0,True,False,False
БАЙТУР ТУРИЗМ,2026-04-01,2026-04-30,-113956.69,126228.32,240185.01,10,,"ОсОО ""Байтур Туризм""",0.0,-113956.69,2026-03-31,0.0,True,False,False
БАЙТУР ТУРИЗМ,2026-05-01,2026-05-31,126228.32,173055.91,46827.58999999997,10,,"ОсОО ""Байтур Туризм""",2.9103830456733704e-11,126228.32,2026-04-30,0.0,True,False,False
БАЙТУР ТУРИЗМ,2026-06-01,2026-06-30,173055.91,-476391.22,-649447.13,8,,"ОсОО ""Байтур Туризм""",0.0,173055.91,2026-05-31,0.0,True,False,False
БАЙТУР ТУРИЗМ,2026-07-01,2026-07-31,-476391.22,-471562.82,4828.400000000023,17,,"ОсОО ""Байтур Туризм""",-5.820766091346741e-11,-476391.22,2026-06-30,0.0,True,False,False
Байтур Трип,2026-01-01,2026-01-31,0.0,21111.0,21111.000000000036,33,,"ОсОО ""Байтур Трип""",-3.637978807091713e-11,,,,False,False,False
Байтур Трип,2026-02-01,2026-02-28,21111.0,-383589.76,-404700.76,22,,"ОсОО ""Байтур Трип""",0.0,21111.0,2026-01-31,0.0,True,False,False
Байтур Трип,2026-03-01,2026-03-31,-383589.76,-231830.32,151759.43999999997,25,,"ОсОО ""Байтур Трип""",2.9103830456733704e-11,-383589.76,2026-02-28,0.0,True,False,False
Байтур Трип,2026-04-01,2026-04-30,-231830.32,-404780.56,-172950.24,10,,"ОсОО ""Байтур Трип""",0.0,-231830.32,2026-03-31,0.0,True,False,False
Байтур Трип,2026-05-01,2026-05-31,-404780.56,-282700.69,122079.87000000002,48,,"ОсОО ""Байтур Трип""",-5.820766091346741e-11,-404780.56,2026-04-30,0.0,True,False,False
Байтур Трип,2026-06-01,2026-06-30,-282700.69,-1358037.53,-1075336.84,37,,"ОсОО ""Байтур Трип""",0.0,-282700.69,2026-05-31,0.0,True,False,False
Байтур Трип,2026-07-01,2026-07-31,-1358037.53,-684715.28,673322.25,37,,"ОсОО ""Байтур Трип""",0.0,-1358037.53,2026-06-30,0.0,True,False,False
Бейшенова Н. Ч.,2026-01-01,2026-01-31,0.0,-806282.5,-806282.5,8,,ИП Бейшенова Н. Ч.,0.0,,,,False,False,False
Бейшенова Н. Ч.,2026-02-01,2026-02-28,-806282.5,-579521.74,226760.76,8,,ИП Бейшенова Н. Ч.,0.0,-806282.5,2026-01-31,0.0,True,False,False
Бейшенова Н. Ч.,2026-03-01,2026-03-31,-579521.74,-1072482.5,-492960.76,20,,ИП Бейшенова Н. Ч.,0.0,-579521.74,2026-02-28,0.0,True,False,False
Бейшенова Н. Ч.,2026-04-01,2026-04-30,-964925.4,-1273207.56,-308282.16000000003,7,,ИП Бейшенова Н. Ч.,0.0,-1072482.5,2026-03-31,107557.09999999998,True,True,False
Бейшенова Н. Ч.,2026-05-01,2026-05-31,-1273207.56,-792355.98,480851.57999999996,18,,ИП Бейшенова Н. Ч.,1.1641532182693481e-10,-1273207.56,2026-04-30,0.0,True,False,False
Бейшенова Н. Ч.,2026-06-01,2026-06-30,-792355.98,-363005.61,429350.37,13,,ИП Бейшенова Н. Ч.,0.0,-792355.98,2026-05-31,0.0,True,False,False
Бейшенова Н. Ч.,2026-07-01,2026-07-31,-363005.61,186412.58,549418.1900000001,18,,ИП Бейшенова Н. Ч.,-8.731149137020111e-11,-363005.61,2026-06-30,0.0,True,False,False
Бирлик Трип,2026-01-01,2026-01-31,0.0,622793.71,622793.71,17,,"ОсОО ""Бирлик Трип""",0.0,,,,False,False,False
Бирлик Трип,2026-02-01,2026-02-28,622793.71,-72679.57,-695473.28,13,,"ОсОО ""Бирлик Трип""",5.820766091346741e-11,622793.71,2026-01-31,0.0,True,False,False
Бирлик Трип,2026-03-01,2026-03-31,-72679.57,-339628.62,-266949.05,15,,"ОсОО ""Бирлик Трип""",0.0,-72679.57,2026-02-28,0.0,True,False,False
Бирлик Трип,2026-04-01,2026-04-30,-339628.62,-830056.88,-490428.26,14,,"ОсОО ""Бирлик Трип""",0.0,-339628.62,2026-03-31,0.0,True,False,False
Бирлик Трип,2026-05-01,2026-05-31,-830056.88,-664456.43,165600.44999999998,23,,"ОсОО ""Бирлик Трип""",0.0,-830056.88,2026-04-30,0.0,True,False,False
Бирлик Трип,2026-06-01,2026-06-30,-664456.43,-204974.03,459482.39999999997,26,,"ОсОО ""Бирлик Трип""",8.731149137020111e-11,-664456.43,2026-05-31,0.0,True,False,False
Бирлик Трип,2026-07-01,2026-07-31,-204974.03,-273947.35,-68973.31999999999,23,,"ОсОО ""Бирлик Трип""",0.0,-204974.03,2026-06-30,0.0,True,False,False
Джолдош уулу Руслан,2026-01-01,2026-01-31,-322858.44,-494747.84,-171889.4,5,,Джолдош уулу Руслан,-5.820766091346741e-11,,,,False,False,False
Джолдош уулу Руслан,2026-02-01,2026-02-28,-494747.84,100410.83,595158.6699999999,9,,Джолдош уулу Руслан,1.0186340659856796e-10,-494747.84,2026-01-31,0.0,True,False,False
Джолдош уулу Руслан,2026-03-01,2026-03-31,100410.83,-154265.16,-254675.99,18,,Джолдош уулу Руслан,-2.9103830456733704e-11,100410.83,2026-02-28,0.0,True,False,False
Джолдош уулу Руслан,2026-04-01,2026-04-30,-154265.16,-613630.58,-459365.4199999999,9,,Джолдош уулу Руслан,0.0,-154265.16,2026-03-31,0.0,True,False,False
Джолдош уулу Руслан,2026-05-01,2026-05-31,-613630.58,-549008.44,64622.140000000014,11,,Джолдош уулу Руслан,0.0,-613630.58,2026-04-30,0.0,True,False,False
Джолдош уулу Руслан,2026-06-01,2026-06-30,-549008.44,-496322.75,52685.69000000002,14,,Джолдош уулу Руслан,-5.820766091346741e-11,-549008.44,2026-05-31,0.0,True,False,False
Джолдош уулу Руслан,2026-07-01,2026-07-31,-496322.75,-603811.92,-107489.16999999998,11,,Джолдош уулу Руслан,-1.1641532182693481e-10,-496322.75,2026-06-30,0.0,True,False,False
Джолдош уулу Эмир,2026-01-01,2026-01-31,-752758.93,-643392.45,109366.48000000001,22,,Джолдош уулу Эмир,1.1641532182693481e-10,,,,False,False,False
Джолдош уулу Эмир,2026-02-01,2026-02-28,-643392.45,-1373609.99,-730217.54,22,переиздан,Джолдош уулу Эмир,0.0,-643392.45,2026-01-31,0.0,True,False,False
Джолдош уулу Эмир,2026-03-01,2026-03-31,-1373609.99,-1113233.23,260376.76000000004,27,,Джолдош уулу Эмир,0.0,-1373609.99,2026-02-28,0.0,True,False,False
Джолдош уулу Эмир,2026-04-01,2026-04-30,-1113233.23,-1485379.87,-372146.64,11,,Джолдош уулу Эмир,0.0,-1113233.23,2026-03-31,0.0,True,False,False
Джолдош уулу Эмир,2026-05-01,2026-05-31,-1485379.87,-1788423.59,-303043.72,20,,Джолдош уулу Эмир,0.0,-1485379.87,2026-04-30,0.0,True,False,False
Джолдош уулу Эмир,2026-06-01,2026-06-30,-1680866.49,-1447778.07,233088.41999999998,40,,Джолдош уулу Эмир,0.0,-1788423.59,2026-05-31,107557.1000000001,True,True,False
Джолдош уулу Эмир,2026-07-01,2026-07-31,-1447778.07,-1278841.22,168936.84999999998,29,,Джолдош уулу Эмир,2.3283064365386963e-10,-1447778.07,2026-06-30,0.0,True,False,False
Джолдошова Салтанат Сатаревна,2026-01-01,2026-01-31,-253910.3,-1220101.66,-966191.36,52,,Джолдошова Салтанат Сатаревна,0.0,,,,False,False,False
Джолдошова Салтанат Сатаревна,2026-02-01,2026-02-28,-1220101.66,-1762655.6,-542553.9400000001,60,,Джолдошова Салтанат Сатаревна,0.0,-1220101.66,2026-01-31,0.0,True,False,False
Джолдошова Салтанат Сатаревна,2026-03-01,2026-03-31,-1762655.6,-1397683.81,364971.7899999999,64,,Джолдошова Салтанат Сатаревна,0.0,-1762655.6,2026-02-28,0.0,True,False,False
Джолдошова Салтанат Сатаревна,2026-04-01,2026-04-30,-1392883.81,-2247290.74,-854406.9299999999,57,,Джолдошова Салтанат Сатаревна,0.0,-1397683.81,2026-03-31,4800.0,True,True,False
Джолдошова Салтанат Сатаревна,2026-05-01,2026-05-31,-2247290.74,-2281209.27,-33918.52999999999,79,,Джолдошова Салтанат Сатаревна,0.0,-2247290.74,2026-04-30,0.0,True,False,False
Джолдошова Салтанат Сатаревна,2026-06-01,2026-06-30,-2281209.27,-1897627.59,383581.68,82,,Джолдошова Салтанат Сатаревна,0.0,-2281209.27,2026-05-31,0.0,True,False,False
Джолдошова Салтанат Сатаревна,2026-07-01,2026-07-31,-1897627.59,-1068557.63,829069.96,90,,Джолдошова Салтанат Сатаревна,2.3283064365386963e-10,-1897627.59,2026-06-30,0.0,True,False,False
Жибек Авиакасса,2026-01-01,2026-01-31,0.0,244111.51,244111.51,34,,"ОсОО ""Жибек Авиакасса""",0.0,,,,False,False,False
Жибек Авиакасса,2026-02-01,2026-02-28,244111.51,133304.31,-110807.2,27,,"ОсОО ""Жибек Авиакасса""",0.0,244111.51,2026-01-31,0.0,True,False,False
Жибек Авиакасса,2026-03-01,2026-03-31,133304.31,507004.26,373699.95,41,,"ОсОО ""Жибек Авиакасса""",0.0,133304.31,2026-02-28,0.0,True,False,False
Жибек Авиакасса,2026-04-01,2026-04-30,507004.26,56903.0,-450101.26,38,,"ОсОО ""Жибек Авиакасса""",0.0,507004.26,2026-03-31,0.0,True,False,False
Жибек Авиакасса,2026-05-01,2026-05-31,56903.0,589598.15,532695.15,36,,"ОсОО ""Жибек Авиакасса""",0.0,56903.0,2026-04-30,0.0,True,False,False
Жибек Авиакасса,2026-06-01,2026-06-30,589598.15,449807.42,-139790.72999999998,57,,"ОсОО ""Жибек Авиакасса""",-5.820766091346741e-11,589598.15,2026-05-31,0.0,True,False,False
Жибек Авиакасса,2026-07-01,2026-07-31,449807.42,676614.53,226807.11000000002,49,,"ОсОО ""Жибек Авиакасса""",0.0,449807.42,2026-06-30,0.0,True,False,False
Жибек Вояж,2026-01-01,2026-01-31,0.0,33862.8,33862.8,8,,"ОсОО ""Жибек Вояж""",0.0,,,,False,False,False
Жибек Вояж,2026-02-01,2026-02-28,33862.8,-177078.86,-210941.66,3,,"ОсОО ""Жибек Вояж""",0.0,33862.8,2026-01-31,0.0,True,False,False
Жибек Вояж,2026-03-01,2026-03-31,-177078.86,-197796.96,-20718.100000000006,6,,"ОсОО ""Жибек Вояж""",0.0,-177078.86,2026-02-28,0.0,True,False,False
Жибек Вояж,2026-05-01,2026-05-31,106851.1,305894.87,199043.77000000002,19,,"ОсОО ""Жибек Вояж""",0.0,-197796.96,2026-03-31,304648.06,False,False,True
Жибек Вояж,2026-06-01,2026-06-30,305894.87,711174.32,405279.45,12,,"ОсОО ""Жибек Вояж""",-1.1641532182693481e-10,305894.87,2026-05-31,0.0,True,False,False
Жибек Вояж,2026-07-01,2026-07-31,711174.32,51186.04,-659988.28,16,,"ОсОО ""Жибек Вояж""",8.003553375601768e-11,711174.32,2026-06-30,0.0,True,False,False
Жибек Эйр,2026-01-01,2026-01-31,-165084.59,-1880498.41,-1715413.82,47,,"ОсОО ""Жибек Эйр""",2.3283064365386963e-10,,,,False,False,False
Жибек Эйр,2026-02-01,2026-02-28,-1880498.41,-2284019.46,-403521.04999999993,42,,"ОсОО ""Жибек Эйр""",0.0,-1880498.41,2026-01-31,0.0,True,False,False
Жибек Эйр,2026-03-01,2026-03-31,-2284019.46,-2196501.14,87518.31999999999,59,,"ОсОО ""Жибек Эйр""",0.0,-2284019.46,2026-02-28,0.0,True,False,False
Жибек Эйр,2026-06-01,2026-06-30,-1316554.76,521511.79,1838066.55,62,,"ОсОО ""Жибек Эйр""",-5.820766091346741e-11,-2196501.14,2026-03-31,879946.3800000001,False,False,True
Жибек Эйр,2026-07-01,2026-07-31,521511.79,180609.78,-340902.01,68,,"ОсОО ""Жибек Эйр""",2.9103830456733704e-11,521511.79,2026-06-30,0.0,True,False,False
Жолчу кызы А.,2026-01-01,2026-01-31,0.0,-509744.64,-509744.64,27,,ИП Жолчу кызы А.,0.0,,,,False,False,False
Жолчу кызы А.,2026-02-01,2026-02-28,-509744.64,-1305227.27,-795482.63,19,,ИП Жолчу кызы А.,0.0,-509744.64,2026-01-31,0.0,True,False,False
Жолчу кызы А.,2026-03-01,2026-03-31,-1305227.27,-1322931.38,-17704.109999999986,18,,ИП Жолчу кызы А.,0.0,-1305227.27,2026-02-28,0.0,True,False,False
Жолчу кызы А.,2026-04-01,2026-04-30,-1322931.38,-827848.31,495083.07,25,,ИП Жолчу кызы А.,-2.3283064365386963e-10,-1322931.38,2026-03-31,0.0,True,False,False
Жолчу кызы А.,2026-05-01,2026-05-31,-827848.31,-534280.46,293567.85,32,,ИП Жолчу кызы А.,1.1641532182693481e-10,-827848.31,2026-04-30,0.0,True,False,False
Жолчу кызы А.,2026-07-01,2026-07-31,-1125552.11,-1008369.14,117182.96999999999,31,,ИП Жолчу кызы А.,1.1641532182693481e-10,-534280.46,2026-05-31,-591271.6500000001,False,False,True
Жумабек кызы Умут,2026-01-01,2026-01-31,-642211.28,-625918.35,16292.930000000008,18,,Жумабек кызы Умут,0.0,,,,False,False,False
Жумабек кызы Умут,2026-02-01,2026-02-28,-625918.35,-510503.52,115414.83,5,,Жумабек кызы Умут,-5.820766091346741e-11,-625918.35,2026-01-31,0.0,True,False,False
Жумабек кызы Умут,2026-03-01,2026-03-31,-510503.52,-597053.12,-86549.60000000002,15,,Жумабек кызы Умут,0.0,-510503.52,2026-02-28,0.0,True,False,False
Жумабек кызы Умут,2026-04-01,2026-04-30,-592253.12,-547286.96,44966.159999999996,15,,Жумабек кызы Умут,0.0,-597053.12,2026-03-31,4800.0,True,True,False
Жумабек кызы Умут,2026-05-01,2026-05-31,-547286.96,-148970.0,398316.96,24,,Жумабек кызы Умут,-5.820766091346741e-11,-547286.96,2026-04-30,0.0,True,False,False
Жумабек кызы Умут,2026-06-01,2026-06-30,-148970.0,-58266.26,90703.73999999999,18,,Жумабек кызы Умут,7.275957614183426e-12,-148970.0,2026-05-31,0.0,True,False,False
Жумабек кызы Умут,2026-07-01,2026-07-31,-58266.26,-587623.33,-529357.07,17,,Жумабек кызы Умут,0.0,-58266.26,2026-06-30,0.0,True,False,False
ИП Абдылдаова У. О.,2026-01-01,2026-01-31,586183.44,406431.65,-179751.78999999998,13,,ИП Абдылдаова У. О.,5.820766091346741e-11,,,,False,False,False
ИП Абдылдаова У. О.,2026-02-01,2026-02-28,406431.65,598392.89,191961.24,4,,ИП Абдылдаова У. О.,0.0,406431.65,2026-01-31,0.0,True,False,False
ИП Абдылдаова У. О.,2026-03-01,2026-03-31,598392.89,437037.29,-161355.6,10,,ИП Абдылдаова У. О.,-5.820766091346741e-11,598392.89,2026-02-28,0.0,True,False,False
ИП Абдылдаова У. О.,2026-04-01,2026-04-30,437037.29,749496.52,312459.23,11,,ИП Абдылдаова У. О.,0.0,437037.29,2026-03-31,0.0,True,False,False
ИП Абдылдаова У. О.,2026-05-01,2026-05-31,749496.52,1468701.36,719204.84,23,,ИП Абдылдаова У. О.,2.3283064365386963e-10,749496.52,2026-04-30,0.0,True,False,False
ИП Абдылдаова У. О.,2026-06-01,2026-06-30,1468701.36,625987.68,-842713.68,21,,ИП Абдылдаова У. О.,0.0,1468701.36,2026-05-31,0.0,True,False,False
ИП Абдылдаова У. О.,2026-07-01,2026-07-31,625987.68,650355.68,24367.99999999999,9,,ИП Абдылдаова У. О.,0.0,625987.68,2026-06-30,0.0,True,False,False
ИП Абдыраманова Ж. Д.,2026-01-01,2026-01-31,-212688.13,77151.73,289839.86,8,,ИП Абдыраманова Ж. Д.,1.4551915228366852e-11,,,,False,False,False
ИП Абдыраманова Ж. Д.,2026-02-01,2026-02-28,77151.73,-89768.25,-166919.97999999998,4,,ИП Абдыраманова Ж. Д.,-1.4551915228366852e-11,77151.73,2026-01-31,0.0,True,False,False
ИП Абдыраманова Ж. Д.,2026-03-01,2026-03-31,-89768.25,111765.65,201533.90000000002,9,,ИП Абдыраманова Ж. Д.,-2.9103830456733704e-11,-89768.25,2026-02-28,0.0,True,False,False
ИП Абдыраманова Ж. Д.,2026-04-01,2026-04-30,111765.65,444126.54,332360.89,7,,ИП Абдыраманова Ж. Д.,-5.820766091346741e-11,111765.65,2026-03-31,0.0,True,False,False
ИП Абдыраманова Ж. Д.,2026-05-01,2026-05-31,444126.54,-451765.53,-895892.07,7,,ИП Абдыраманова Ж. Д.,-5.820766091346741e-11,444126.54,2026-04-30,0.0,True,False,False
ИП Абдыраманова Ж. Д.,2026-06-01,2026-06-30,-451765.53,-489424.35,-37658.82000000001,18,переиздан,ИП Абдыраманова Ж. Д.,5.820766091346741e-11,-451765.53,2026-05-31,0.0,True,False,False
ИП Абдыраманова Ж. Д.,2026-07-01,2026-07-31,-489424.35,-147422.86,342001.49,12,,ИП Абдыраманова Ж. Д.,0.0,-489424.35,2026-06-30,0.0,True,False,False
ИП Асанов К. Б.,2026-01-01,2026-01-31,0.0,-50110.52,-50110.51999999999,17,,ИП Асанов К. Б.,-7.275957614183426e-12,,,,False,False,False
ИП Асанов К. Б.,2026-03-01,2026-03-31,-37243.37,-129168.64,-91925.27000000002,22,,ИП Асанов К. Б.,1.4551915228366852e-11,-50110.52,2026-01-31,12867.149999999994,False,False,True
ИП Асанов К. Б.,2026-04-01,2026-04-30,-129168.64,-804803.14,-675634.5,11,,ИП Асанов К. Б.,0.0,-129168.64,2026-03-31,0.0,True,False,False
ИП Асанов К. Б.,2026-05-01,2026-05-31,-804803.14,-1399552.45,-594749.31,13,,ИП Асанов К. Б.,2.3283064365386963e-10,-804803.14,2026-04-30,0.0,True,False,False
ИП Асанов К. Б.,2026-06-01,2026-06-30,-1399552.45,-732350.47,667201.98,19,,ИП Асанов К. Б.,0.0,-1399552.45,2026-05-31,0.0,True,False,False
ИП Асанов К. Б.,2026-07-01,2026-07-31,-732350.47,-572473.15,159877.32,27,,ИП Асанов К. Б.,-1.1641532182693481e-10,-732350.47,2026-06-30,0.0,True,False,False
ИП Бейшенова Д. О.,2026-01-01,2026-01-31,0.0,424575.31,424575.31,28,,ИП Бейшенова Д. О.,0.0,,,,False,False,False
ИП Бейшенова Д. О.,2026-02-01,2026-02-28,424575.31,802644.47,378069.1599999999,12,,ИП Бейшенова Д. О.,0.0,424575.31,2026-01-31,0.0,True,False,False
ИП Бейшенова Д. О.,2026-03-01,2026-03-31,802644.47,311606.32,-491038.15,24,,ИП Бейшенова Д. О.,5.820766091346741e-11,802644.47,2026-02-28,0.0,True,False,False
ИП Бейшенова Д. О.,2026-04-01,2026-04-30,311606.32,751054.23,439447.91000000003,30,,ИП Бейшенова Д. О.,0.0,311606.32,2026-03-31,0.0,True,False,False
ИП Бейшенова Д. О.,2026-05-01,2026-05-31,751054.23,501626.66,-249427.57000000004,38,,ИП Бейшенова Д. О.,5.820766091346741e-11,751054.23,2026-04-30,0.0,True,False,False
ИП Бейшенова Д. О.,2026-06-01,2026-06-30,501626.66,-425341.85,-926968.51,35,,ИП Бейшенова Д. О.,5.820766091346741e-11,501626.66,2026-05-31,0.0,True,False,False
ИП Бейшенова Д. О.,2026-07-01,2026-07-31,-425341.85,-53865.04,371476.81,27,,ИП Бейшенова Д. О.,-2.1827872842550278e-11,-425341.85,2026-06-30,0.0,True,False,False
ИП Джолдошов Д. У.,2026-01-01,2026-01-31,896343.14,851355.47,-44987.669999999984,9,,ИП Джолдошов Д. У.,0.0,,,,False,False,False
ИП Джолдошов Д. У.,2026-02-01,2026-02-28,851355.47,1018875.78,167520.31,9,,ИП Джолдошов Д. У.,0.0,851355.47,2026-01-31,0.0,True,False,False
ИП Джолдошов Д. У.,2026-03-01,2026-03-31,1018875.78,1219232.77,200356.99000000002,14,,ИП Джолдошов Д. У.,0.0,1018875.78,2026-02-28,0.0,True,False,False
ИП Джолдошов Д. У.,2026-04-01,2026-04-30,1219232.77,917842.52,-301390.25,9,,ИП Джолдошов Д. У.,0.0,1219232.77,2026-03-31,0.0,True,False,False
ИП Джолдошов Д. У.,2026-05-01,2026-05-31,917842.52,1214156.94,296314.42000000004,17,,ИП Джолдошов Д. У.,0.0,917842.52,2026-04-30,0.0,True,False,False
ИП Джолдошов Д. У.,2026-06-01,2026-06-30,1214156.94,954946.71,-259210.22999999995,11,,ИП Джолдошов Д. У.,0.0,1214156.94,2026-05-31,0.0,True,False,False
ИП Джолдошов Д. У.,2026-07-01,2026-07-31,954946.71,953028.45,-1918.2600000000093,14,,ИП Джолдошов Д. У.,0.0,954946.71,2026-06-30,0.0,True,False,False
ИП Жумабекова Б. Н.,2026-01-01,2026-01-31,-156167.01,-182280.87,-26113.86,18,,ИП Жумабекова Б. Н.,0.0,,,,False,False,False
ИП Жумабекова Б. Н.,2026-02-01,2026-02-28,-182280.87,-185566.61,-3285.7399999999907,15,,ИП Жумабекова Б. Н.,0.0,-182280.87,2026-01-31,0.0,True,False,False
ИП Жумабекова Б. Н.,2026-03-01,2026-03-31,-185566.61,81921.7,267488.30999999994,22,,ИП Жумабекова Б. Н.,4.3655745685100555e-11,-185566.61,2026-02-28,0.0,True,False,False
ИП Жумабекова Б. Н.,2026-04-01,2026-04-30,81921.7,-549484.64,-631406.34,13,,ИП Жумабекова Б. Н.,0.0,81921.7,2026-03-31,0.0,True,False,False
ИП Жумабекова Б. Н.,2026-06-01,2026-06-30,-720137.77,-286567.26,433570.51,26,,ИП Жумабекова Б. Н.,0.0,-549484.64,2026-04-30,-170653.13,False,False,True
ИП Жумабекова Б. Н.,2026-07-01,2026-07-31,-3258.27,9057.66,12315.929999999993,24,,ИП Жумабекова Б. Н.,7.275957614183426e-12,-286567.26,2026-06-30,283308.99,True,True,False
ИП Мамбетова Ч. Э.,2026-01-01,2026-01-31,0.0,459524.5,459524.5,16,,ИП Мамбетова Ч. Э.,0.0,,,,False,False,False
ИП Мамбетова Ч. Э.,2026-02-01,2026-02-28,459524.5,427671.57,-31852.929999999986,13,,ИП Мамбетова Ч. Э.,0.0,459524.5,2026-01-31,0.0,True,False,False
ИП Мамбетова Ч. Э.,2026-03-01,2026-03-31,427671.57,230799.51,-196872.06,14,,ИП Мамбетова Ч. Э.,0.0,427671.57,2026-02-28,0.0,True,False,False
ИП Мамбетова Ч. Э.,2026-04-01,2026-04-30,338356.61,-191030.04,-529386.65,11,,ИП Мамбетова Ч. Э.,2.9103830456733704e-11,230799.51,2026-03-31,107557.09999999998,True,True,False
ИП Мамбетова Ч. Э.,2026-05-01,2026-05-31,-191030.04,-454161.84,-263131.8,20,,ИП Мамбетова Ч. Э.,-5.820766091346741e-11,-191030.04,2026-04-30,0.0,True,False,False
ИП Мамбетова Ч. Э.,2026-06-01,2026-06-30,-454161.84,-79738.54,374423.3,18,,ИП Мамбетова Ч. Э.,4.3655745685100555e-11,-454161.84,2026-05-31,0.0,True,False,False
ИП Мамбетова Ч. Э.,2026-07-01,2026-07-31,-79738.54,167494.83,247233.37,18,,ИП Мамбетова Ч. Э.,-2.9103830456733704e-11,-79738.54,2026-06-30,0.0,True,False,False
ИП Муратов Э. У.,2026-01-01,2026-01-31,-696130.08,-1144319.2,-448189.12,29,,ИП Муратов Э. У.,0.0,,,,False,False,False
ИП Муратов Э. У.,2026-02-01,2026-02-28,-1144319.2,-1595585.28,-451266.07999999996,14,,ИП Муратов Э. У.,-2.3283064365386963e-10,-1144319.2,2026-01-31,0.0,True,False,False
ИП Муратов Э. У.,2026-04-01,2026-04-30,-1902113.07,-2528118.92,-626005.8500000001,34,,ИП Муратов Э. У.,0.0,-1595585.28,2026-02-28,-306527.79000000004,False,False,True
ИП Муратов Э. У.,2026-05-01,2026-05-31,-2528118.92,-1998788.05,529330.87,39,,ИП Муратов Э. У.,-2.3283064365386963e-10,-2528118.92,2026-04-30,0.0,True,False,False
ИП Муратов Э. У.,2026-06-01,2026-06-30,-1998788.05,-2564428.13,-565640.0800000001,38,,ИП Муратов Э. У.,0.0,-1998788.05,2026-05-31,0.0,True,False,False
ИП Муратов Э. У.,2026-07-01,2026-07-31,-2564428.13,-1650892.91,913535.2200000001,42,,ИП Муратов Э. У.,-2.3283064365386963e-10,-2564428.13,2026-06-30,0.0,True,False,False
ИП Токтосун кызы Н.,2026-01-01,2026-01-31,0.0,-158891.43,-158891.43,24,,ИП Токтосун кызы Н.,0.0,,,,False,False,False
ИП Токтосун кызы Н.,2026-03-01,2026-03-31,828216.58,904333.35,76116.76999999995,42,,ИП Токтосун кызы Н.,1.1641532182693481e-10,-158891.43,2026-01-31,987108.01,False,False,True
ИП Токтосун кызы Н.,2026-04-01,2026-04-30,904333.35,-397053.83,-1301387.18,23,,ИП Токтосун кызы Н.,-5.820766091346741e-11,904333.35,2026-03-31,0.0,True,False,False
ИП Токтосун кызы Н.,2026-05-01,2026-05-31,-397053.83,-1361331.46,-964277.6300000001,65,,ИП Токтосун кызы Н.,2.3283064365386963e-10,-397053.83,2026-04-30,0.0,True,False,False
ИП Токтосун кызы Н.,2026-06-01,2026-06-30,-1361331.46,-1355339.55,5991.909999999945,59,,ИП Токтосун кызы Н.,0.0,-1361331.46,2026-05-31,0.0,True,False,False
ИП Токтосун кызы Н.,2026-07-01,2026-07-31,-1355339.55,-788022.79,567316.76,53,,ИП Токтосун кызы Н.,0.0,-1355339.55,2026-06-30,0.0,True,False,False
ИП Турсунов Т. А.,2026-01-01,2026-01-31,624068.31,54187.85,-569880.46,17,,ИП Турсунов Т. А.,-9.458744898438454e-11,,,,False,False,False
ИП Турсунов Т. А.,2026-02-01,2026-02-28,54187.85,334375.42,280187.57,10,,ИП Турсунов Т. А.,0.0,54187.85,2026-01-31,0.0,True,False,False
ИП Турсунов Т. А.,2026-03-01,2026-03-31,334375.42,-328682.82,-663058.24,16,,ИП Турсунов Т. А.,0.0,334375.42,2026-02-28,0.0,True,False,False
ИП Турсунов Т. А.,2026-04-01,2026-04-30,-328682.82,-39417.37,289265.45,6,,ИП Турсунов Т. А.,-7.275957614183426e-12,-328682.82,2026-03-31,0.0,True,False,False
ИП Турсунов Т. А.,2026-05-01,2026-05-31,-39417.37,358168.87,397586.24,16,,ИП Турсунов Т. А.,0.0,-39417.37,2026-04-30,0.0,True,False,False
ИП Турсунов Т. А.,2026-06-01,2026-06-30,358168.87,222812.16,-135356.71,17,,ИП Турсунов Т. А.,0.0,358168.87,2026-05-31,0.0,True,False,False
ИП Турсунов Т. А.,2026-07-01,2026-07-31,222812.16,116774.82,-106037.33999999998,26,,ИП Турсунов Т. А.,-1.4551915228366852e-11,222812.16,2026-06-30,0.0,True,False,False
ИП Элдиярова А. Ч.,2026-01-01,2026-01-31,0.0,397000.89,397000.89,12,,ИП Элдиярова А. Ч.,0.0,,,,False,False,False
ИП Элдиярова А. Ч.,2026-02-01,2026-02-28,397000.89,461530.89,64530.0,3,,ИП Элдиярова А. Ч.,0.0,397000.89,2026-01-31,0.0,True,False,False
ИП Элдиярова А. Ч.,2026-03-01,2026-03-31,461530.89,441925.62,-19605.269999999997,10,,ИП Элдиярова А. Ч.,0.0,461530.89,2026-02-28,0.0,True,False,False
ИП Элдиярова А. Ч.,2026-04-01,2026-04-30,441925.62,502267.1,60341.48000000001,10,,ИП Элдиярова А. Ч.,0.0,441925.62,2026-03-31,0.0,True,False,False
ИП Элдиярова А. Ч.,2026-05-01,2026-05-31,502267.1,493729.36,-8537.740000000042,12,,ИП Элдиярова А. Ч.,5.820766091346741e-11,502267.1,2026-04-30,0.0,True,False,False
ИП Элдиярова А. Ч.,2026-06-01,2026-06-30,493729.36,135121.87,-358607.49,9,,ИП Элдиярова А. Ч.,0.0,493729.36,2026-05-31,0.0,True,False,False
ИП Элдиярова А. Ч.,2026-07-01,2026-07-31,135121.87,-169380.44,-304502.31,8,,ИП Элдиярова А. Ч.,0.0,135121.87,2026-06-30,0.0,True,False,False
ИССЫК ТРИП,2026-01-01,2026-01-31,0.0,-572828.38,-572828.38,72,,"ОсОО ""Иссык Трип""",0.0,,,,False,False,False
ИССЫК ТРИП,2026-03-01,2026-03-31,-2851740.31,-4652126.22,-1800385.9100000001,108,,"ОсОО ""Иссык Трип""",9.313225746154785e-10,-572828.38,2026-01-31,-2278911.93,False,False,True
ИССЫК ТРИП,2026-04-01,2026-04-30,-4652126.22,-6194443.17,-1542316.95,82,,"ОсОО ""Иссык Трип""",0.0,-4652126.22,2026-03-31,0.0,True,False,False
ИССЫК ТРИП,2026-05-01,2026-05-31,-6194443.17,-5012047.38,1182395.79,128,,"ОсОО ""Иссык Трип""",0.0,-6194443.17,2026-04-30,0.0,True,False,False
ИССЫК ТРИП,2026-06-01,2026-06-30,-5012047.38,-3572619.35,1439428.03,112,,"ОсОО ""Иссык Трип""",-4.656612873077393e-10,-5012047.38,2026-05-31,0.0,True,False,False
ИССЫК ТРИП,2026-07-01,2026-07-31,-3572619.35,-2746706.44,825912.91,102,,"ОсОО ""Иссык Трип""",0.0,-3572619.35,2026-06-30,0.0,True,False,False
Иссык Вояж,2026-01-01,2026-01-31,804452.07,1114944.12,310492.05,10,,"ОсОО ""Иссык Вояж""",2.3283064365386963e-10,,,,False,False,False
Иссык Вояж,2026-02-01,2026-02-28,1114944.12,325822.17,-789121.95,9,,"ОсОО ""Иссык Вояж""",-1.7462298274040222e-10,1114944.12,2026-01-31,0.0,True,False,False
Иссык Вояж,2026-03-01,2026-03-31,325822.17,673941.59,348119.42,10,,"ОсОО ""Иссык Вояж""",0.0,325822.17,2026-02-28,0.0,True,False,False
Иссык Вояж,2026-04-01,2026-04-30,673941.59,785995.92,112054.33,12,,"ОсОО ""Иссык Вояж""",1.1641532182693481e-10,673941.59,2026-03-31,0.0,True,False,False
Иссык Вояж,2026-05-01,2026-05-31,785995.92,670321.99,-115673.93,14,,"ОсОО ""Иссык Вояж""",0.0,785995.92,2026-04-30,0.0,True,False,False
Иссык Вояж,2026-06-01,2026-06-30,670321.99,775290.27,104968.28,6,,"ОсОО ""Иссык Вояж""",0.0,670321.99,2026-05-31,0.0,True,False,False
Иссык Вояж,2026-07-01,2026-07-31,775290.27,915481.52,140191.25,26,,"ОсОО ""Иссык Вояж""",0.0,775290.27,2026-06-30,0.0,True,False,False
КУТ ЭЙР,2026-01-01,2026-01-31,0.0,52335.21,52335.21,22,,"ОсОО ""Кут Эйр""",0.0,,,,False,False,False
КУТ ЭЙР,2026-02-01,2026-02-28,52335.21,-269373.45,-321708.66000000003,11,,"ОсОО ""Кут Эйр""",0.0,52335.21,2026-01-31,0.0,True,False,False
КУТ ЭЙР,2026-03-01,2026-03-31,-269373.45,527832.52,797205.97,29,,"ОсОО ""Кут Эйр""",0.0,-269373.45,2026-02-28,0.0,True,False,False
КУТ ЭЙР,2026-04-01,2026-04-30,527832.52,-394564.72,-922397.24,24,,"ОсОО ""Кут Эйр""",0.0,527832.52,2026-03-31,0.0,True,False,False
КУТ ЭЙР,2026-05-01,2026-05-31,-394564.72,-634645.87,-240081.15000000002,33,,"ОсОО ""Кут Эйр""",0.0,-394564.72,2026-04-30,0.0,True,False,False
КУТ ЭЙР,2026-06-01,2026-06-30,-634645.87,-872063.82,-237417.94999999998,29,,"ОсОО ""Кут Эйр""",0.0,-634645.87,2026-05-31,0.0,True,False,False
КУТ ЭЙР,2026-07-01,2026-07-31,-872063.82,-379422.9,492640.92,23,,"ОсОО ""Кут Эйр""",-5.820766091346741e-11,-872063.82,2026-06-30,0.0,True,False,False
Кадырова Айнура Жумабекевна,2026-01-01,2026-01-31,129623.25,-483073.76,-612697.01,36,,Кадырова Айнура Жумабекевна,0.0,,,,False,False,False
Кадырова Айнура Жумабекевна,2026-02-01,2026-02-28,-483073.76,-130476.93,352596.82999999996,30,,Кадырова Айнура Жумабекевна,5.820766091346741e-11,-483073.76,2026-01-31,0.0,True,False,False
Кадырова Айнура Жумабекевна,2026-03-01,2026-03-31,-130476.93,-1455924.9,-1325447.97,48,,Кадырова Айнура Жумабекевна,0.0,-130476.93,2026-02-28,0.0,True,False,False
Кадырова Айнура Жумабекевна,2026-04-01,2026-04-30,-1483424.9,-1231088.83,252336.07000000004,30,,Кадырова Айнура Жумабекевна,-2.3283064365386963e-10,-1455924.9,2026-03-31,-27500.0,True,True,False
Кадырова Айнура Жумабекевна,2026-05-01,2026-05-31,-1231088.83,-1489130.84,-258042.0099999999,67,,Кадырова Айнура Жумабекевна,-2.3283064365386963e-10,-1231088.83,2026-04-30,0.0,True,False,False
Кадырова Айнура Жумабекевна,2026-06-01,2026-06-30,-1489130.84,-1324989.68,164141.15999999997,66,,Кадырова Айнура Жумабекевна,2.3283064365386963e-10,-1489130.84,2026-05-31,0.0,True,False,False
Кадырова Айнура Жумабекевна,2026-07-01,2026-07-31,-1324989.68,-1911844.62,-586854.94,52,,Кадырова Айнура Жумабекевна,-2.3283064365386963e-10,-1324989.68,2026-06-30,0.0,True,False,False
Кенешова Чолпон Таалайовна,2026-01-01,2026-01-31,-590947.04,-606380.4,-15433.36,20,,Кенешова Чолпон Таалайовна,0.0,,,,False,False,False
Кенешова Чолпон Таалайовна,2026-02-01,2026-02-28,-606380.4,-454182.77,152197.63,13,,Кенешова Чолпон Таалайовна,0.0,-606380.4,2026-01-31,0.0,True,False,False
Кенешова Чолпон Таалайовна,2026-03-01,2026-03-31,-454182.77,-849914.35,-395731.5800000001,14,,Кенешова Чолпон Таалайовна,1.1641532182693481e-10,-454182.77,2026-02-28,0.0,True,False,False
Кенешова Чолпон Таалайовна,2026-04-01,2026-04-30,-849914.35,-858488.77,-8574.419999999998,7,,Кенешова Чолпон Таалайовна,0.0,-849914.35,2026-03-31,0.0,True,False,False
Кенешова Чолпон Таалайовна,2026-05-01,2026-05-31,-858488.77,-527860.03,330628.74000000005,20,,Кенешова Чолпон Таалайовна,0.0,-858488.77,2026-04-30,0.0,True,False,False
Кенешова Чолпон Таалайовна,2026-06-01,2026-06-30,-527860.03,-907509.65,-379649.62,12,,Кенешова Чолпон Таалайовна,0.0,-527860.03,2026-05-31,0.0,True,False,False
Кенешова Чолпон Таалайовна,2026-07-01,2026-07-31,-907509.65,-1013768.56,-106258.90999999999,11,,Кенешова Чолпон Таалайовна,0.0,-907509.65,2026-06-30,0.0,True,False,False
МУРАС ТРИП,2026-01-01,2026-01-31,476952.89,-343004.23,-819957.1200000001,16,,"ОсОО ""Мурас Трип""",1.1641532182693481e-10,,,,False,False,False
МУРАС ТРИП,2026-02-01,2026-02-28,-343004.23,-520266.64,-177262.41000000003,16,,"ОсОО ""Мурас Трип""",0.0,-343004.23,2026-01-31,0.0,True,False,False
МУРАС ТРИП,2026-03-01,2026-03-31,-520266.64,-154560.58,365706.06,10,,"ОсОО ""Мурас Трип""",2.9103830456733704e-11,-520266.64,2026-02-28,0.0,True,False,False
МУРАС ТРИП,2026-04-01,2026-04-30,-154560.58,-313474.63,-158914.05000000002,13,,"ОсОО ""Мурас Трип""",0.0,-154560.58,2026-03-31,0.0,True,False,False
МУРАС ТРИП,2026-05-01,2026-05-31,-313474.63,-119011.97,194462.66,27,,"ОсОО ""Мурас Трип""",0.0,-313474.63,2026-04-30,0.0,True,False,False
МУРАС ТРИП,2026-07-01,2026-07-31,475446.34,265155.7,-210290.64,26,,"ОсОО ""Мурас Трип""",0.0,-119011.97,2026-05-31,594458.31,False,False,True
Мамбет уулу Чынгыз,2026-01-01,2026-01-31,208685.52,-584449.21,-793134.73,16,,Мамбет уулу Чынгыз,0.0,,,,False,False,False
Мамбет уулу Чынгыз,2026-02-01,2026-02-28,-584449.21,-763442.63,-178993.41999999998,10,,Мамбет уулу Чынгыз,-1.1641532182693481e-10,-584449.21,2026-01-31,0.0,True,False,False
Мамбет уулу Чынгыз,2026-03-01,2026-03-31,-763442.63,-899998.79,-136556.16000000003,11,,Мамбет уулу Чынгыз,0.0,-763442.63,2026-02-28,0.0,True,False,False
Мамбет уулу Чынгыз,2026-04-01,2026-04-30,-899998.79,-1019226.18,-119227.39,6,,Мамбет уулу Чынгыз,0.0,-899998.79,2026-03-31,0.0,True,False,False
Мамбет уулу Чынгыз,2026-05-01,2026-05-31,-1019226.18,-558067.11,461159.07,23,,Мамбет уулу Чынгыз,1.1641532182693481e-10,-1019226.18,2026-04-30,0.0,True,False,False
Мамбет уулу Чынгыз,2026-06-01,2026-06-30,-558067.11,408193.73,966260.84,20,,Мамбет уулу Чынгыз,0.0,-558067.11,2026-05-31,0.0,True,False,False
Мамбет уулу Чынгыз,2026-07-01,2026-07-31,408193.73,452408.45,44214.719999999994,21,,Мамбет уулу Чынгыз,5.820766091346741e-11,408193.73,2026-06-30,0.0,True,False,False
Манас Вояж,2026-01-01,2026-01-31,0.0,702216.39,702216.39,12,,"ОсОО ""Манас Вояж""",0.0,,,,False,False,False
Манас Вояж,2026-02-01,2026-02-28,702216.39,691228.75,-10987.64000000001,6,,"ОсОО ""Манас Вояж""",0.0,702216.39,2026-01-31,0.0,True,False,False
Манас Вояж,2026-03-01,2026-03-31,691228.75,701025.44,9796.689999999988,14,,"ОсОО ""Манас Вояж""",0.0,691228.75,2026-02-28,0.0,True,False,False
Манас Вояж,2026-04-01,2026-04-30,701025.44,1100813.03,399787.58999999997,9,,"ОсОО ""Манас Вояж""",2.3283064365386963e-10,701025.44,2026-03-31,0.0,True,False,False
Манас Вояж,2026-05-01,2026-05-31,1100813.03,371395.41,-729417.6199999999,23,,"ОсОО ""Манас Вояж""",-1.7462298274040222e-10,1100813.03,2026-04-30,0.0,True,False,False
Манас Вояж,2026-06-01,2026-06-30,371395.41,-19879.59,-391275.0,16,,"ОсОО ""Манас Вояж""",2.546585164964199e-11,371395.41,2026-05-31,0.0,True,False,False
Манас Вояж,2026-07-01,2026-07-31,-19879.59,-111699.07,-91819.48000000001,18,,"ОсОО ""Манас Вояж""",0.0,-19879.59,2026-06-30,0.0,True,False,False
Манас Тревел,2026-01-01,2026-01-31,0.0,-501192.38,-501192.38000000006,53,,"ОсОО ""Манас Тревел""",5.820766091346741e-11,,,,False,False,False
Манас Тревел,2026-02-01,2026-02-28,-501192.38,-1223137.36,-721944.98,37,,"ОсОО ""Манас Тревел""",-2.3283064365386963e-10,-501192.38,2026-01-31,0.0,True,False,False
Манас Тревел,2026-03-01,2026-03-31,-1223137.36,-962297.79,260839.57,51,,"ОсОО ""Манас Тревел""",0.0,-1223137.36,2026-02-28,0.0,True,False,False
Манас Тревел,2026-04-01,2026-04-30,-962297.79,-1463952.02,-501654.23000000004,46,,"ОсОО ""Манас Тревел""",0.0,-962297.79,2026-03-31,0.0,True,False,False
Манас Тревел,2026-05-01,2026-05-31,-1463952.02,-702616.44,761335.58,102,,"ОсОО ""Манас Тревел""",1.1641532182693481e-10,-1463952.02,2026-04-30,0.0,True,False,False
Манас Тревел,2026-06-01,2026-06-30,-702616.44,-1106107.0,-403490.56000000006,69,,"ОсОО ""Манас Тревел""",0.0,-702616.44,2026-05-31,0.0,True,False,False
Манас Тревел,2026-07-01,2026-07-31,-1106107.0,85212.65,1191319.65,59,,"ОсОО ""Манас Тревел""",8.731149137020111e-11,-1106107.0,2026-06-30,0.0,True,False,False
Манас Тур,2026-01-01,2026-01-31,0.0,-797800.08,-797800.0800000001,20,,"ОсОО ""Манас Тур""",1.1641532182693481e-10,,,,False,False,False
Манас Тур,2026-02-01,2026-02-28,-797800.08,-809428.07,-11627.98999999999,16,,"ОсОО ""Манас Тур""",0.0,-797800.08,2026-01-31,0.0,True,False,False
Манас Тур,2026-03-01,2026-03-31,-809428.07,-962140.38,-152712.31,14,переиздан,"ОсОО ""Манас Тур""",-1.1641532182693481e-10,-809428.07,2026-02-28,0.0,True,False,False
Манас Тур,2026-04-01,2026-04-30,-962140.38,-1860355.4,-898215.02,19,,"ОсОО ""Манас Тур""",0.0,-962140.38,2026-03-31,0.0,True,False,False
Манас Тур,2026-05-01,2026-05-31,-1860355.4,-1489684.76,370670.64,35,,"ОсОО ""Манас Тур""",-2.3283064365386963e-10,-1860355.4,2026-04-30,0.0,True,False,False
Манас Тур,2026-06-01,2026-06-30,-1489684.76,-1649411.81,-159727.05,35,,"ОсОО ""Манас Тур""",0.0,-1489684.76,2026-05-31,0.0,True,False,False
Манас Тур,2026-07-01,2026-07-31,-1649411.81,-564441.96,1084969.85,27,,"ОсОО ""Манас Тур""",0.0,-1649411.81,2026-06-30,0.0,True,False,False
Манас Туризм,2026-01-01,2026-01-31,0.0,414212.62,414212.62,12,,"ОсОО ""Манас Туризм""",0.0,,,,False,False,False
Манас Туризм,2026-02-01,2026-02-28,414212.62,259655.76,-154556.86,9,,"ОсОО ""Манас Туризм""",0.0,414212.62,2026-01-31,0.0,True,False,False
Манас Туризм,2026-03-01,2026-03-31,259655.76,493432.3,233776.54,17,,"ОсОО ""Манас Туризм""",-5.820766091346741e-11,259655.76,2026-02-28,0.0,True,False,False
Манас Туризм,2026-04-01,2026-04-30,493432.3,422440.45,-70991.85,13,,"ОсОО ""Манас Туризм""",5.820766091346741e-11,493432.3,2026-03-31,0.0,True,False,False
Манас Туризм,2026-05-01,2026-05-31,422440.45,319670.08,-102770.37,19,,"ОсОО ""Манас Туризм""",0.0,422440.45,2026-04-30,0.0,True,False,False
Манас Туризм,2026-07-01,2026-07-31,441202.53,-199232.29,-640434.8200000001,27,,"ОсОО ""Манас Туризм""",2.9103830456733704e-11,319670.08,2026-05-31,121532.45000000001,False,False,True
Небо Авиа,2026-01-01,2026-01-31,0.0,-1013317.52,-1013317.52,9,,"ОсОО ""Небо Авиа""",0.0,,,,False,False,False
Небо Авиа,2026-02-01,2026-02-28,-1013317.52,-584085.62,429231.9,12,,"ОсОО ""Небо Авиа""",0.0,-1013317.52,2026-01-31,0.0,True,False,False
Небо Авиа,2026-03-01,2026-03-31,-584085.62,-701727.62,-117642.0,9,,"ОсОО ""Небо Авиа""",0.0,-584085.62,2026-02-28,0.0,True,False,False
Небо Авиа,2026-04-01,2026-04-30,-701727.62,-636437.15,65290.47,3,,"ОсОО ""Небо Авиа""",0.0,-701727.62,2026-03-31,0.0,True,False,False
Небо Авиа,2026-05-01,2026-05-31,-636437.15,-679603.08,-43165.92999999998,19,,"ОсОО ""Небо Авиа""",0.0,-636437.15,2026-04-30,0.0,True,False,False
Небо Авиа,2026-06-01,2026-06-30,-679603.08,-638217.71,41385.36999999997,16,,"ОсОО ""Небо Авиа""",0.0,-679603.08,2026-05-31,0.0,True,False,False
Небо Авиа,2026-07-01,2026-07-31,-638217.71,-408384.23,229833.48,7,,"ОсОО ""Небо Авиа""",0.0,-638217.71,2026-06-30,0.0,True,False,False
Ниязбеков Кубат Таалайевич,2026-01-01,2026-01-31,-689349.47,-12989.12,676360.35,16,,Ниязбеков Кубат Таалайевич,-5.4569682106375694e-12,,,,False,False,False
Ниязбеков Кубат Таалайевич,2026-02-01,2026-02-28,-12989.12,82979.05,95968.17,8,,Ниязбеков Кубат Таалайевич,0.0,-12989.12,2026-01-31,0.0,True,False,False
Ниязбеков Кубат Таалайевич,2026-03-01,2026-03-31,82979.05,153533.25,70554.2,3,,Ниязбеков Кубат Таалайевич,0.0,82979.05,2026-02-28,0.0,True,False,False
Ниязбеков Кубат Таалайевич,2026-04-01,2026-04-30,153533.25,60389.69,-93143.56,5,,Ниязбеков Кубат Таалайевич,0.0,153533.25,2026-03-31,0.0,True,False,False
Ниязбеков Кубат Таалайевич,2026-05-01,2026-05-31,60389.69,-262609.32,-322999.01,13,,Ниязбеков Кубат Таалайевич,0.0,60389.69,2026-04-30,0.0,True,False,False
Ниязбеков Кубат Таалайевич,2026-06-01,2026-06-30,-262609.32,-343163.93,-80554.61000000002,19,переиздан,Ниязбеков Кубат Таалайевич,5.820766091346741e-11,-262609.32,2026-05-31,0.0,True,False,False
Ниязбеков Кубат Таалайевич,2026-07-01,2026-07-31,-343163.93,-1093080.61,-749916.68,19,,Ниязбеков Кубат Таалайевич,0.0,-343163.93,2026-06-30,0.0,True,False,False
Ниязбекова Асель Сатаровна,2026-01-01,2026-01-31,0.0,-236129.16,-236129.16,11,,Ниязбекова Асель Сатаровна,0.0,,,,False,False,False
Ниязбекова Асель Сатаровна,2026-02-01,2026-02-28,-236129.16,-296552.16,-60423.0,3,,Ниязбекова Асель Сатаровна,5.820766091346741e-11,-236129.16,2026-01-31,0.0,True,False,False
Ниязбекова Асель Сатаровна,2026-03-01,2026-03-31,-296552.16,-338224.44,-41672.28000000001,15,,Ниязбекова Асель Сатаровна,0.0,-296552.16,2026-02-28,0.0,True,False,False
Ниязбекова Асель Сатаровна,2026-04-01,2026-04-30,-338224.44,179738.75,517963.19,8,,Ниязбекова Асель Сатаровна,0.0,-338224.44,2026-03-31,0.0,True,False,False
Ниязбекова Асель Сатаровна,2026-05-01,2026-05-31,179738.75,39070.74,-140668.01,9,,Ниязбекова Асель Сатаровна,7.275957614183426e-12,179738.75,2026-04-30,0.0,True,False,False
Ниязбекова Асель Сатаровна,2026-06-01,2026-06-30,39070.74,-82471.92,-121542.66,9,,Ниязбекова Асель Сатаровна,1.4551915228366852e-11,39070.74,2026-05-31,0.0,True,False,False
Ниязбекова Асель Сатаровна,2026-07-01,2026-07-31,-82471.92,-103252.45,-20780.530000000002,14,,Ниязбекова Асель Сатаровна,0.0,-82471.92,2026-06-30,0.0,True,False,False
ОсОО Ала-Арча Авиа,2026-01-01,2026-01-31,0.0,-29665.92,-29665.920000000013,13,,"ОсОО ""Ала-Арча Авиа""",1.4551915228366852e-11,,,,False,False,False
ОсОО Ала-Арча Авиа,2026-02-01,2026-02-28,-29665.92,-669305.61,-639639.69,12,,"ОсОО ""Ала-Арча Авиа""",0.0,-29665.92,2026-01-31,0.0,True,False,False
ОсОО Ала-Арча Авиа,2026-03-01,2026-03-31,-669305.61,-71781.72,597523.89,20,,"ОсОО ""Ала-Арча Авиа""",-2.9103830456733704e-11,-669305.61,2026-02-28,0.0,True,False,False
ОсОО Ала-Арча Авиа,2026-04-01,2026-04-30,-71781.72,-162265.62,-90483.9,7,,"ОсОО ""Ала-Арча Авиа""",0.0,-71781.72,2026-03-31,0.0,True,False,False
ОсОО Ала-Арча Авиа,2026-05-01,2026-05-31,-162265.62,-63528.61,98737.01000000001,21,,"ОсОО ""Ала-Арча Авиа""",-1.4551915228366852e-11,-162265.62,2026-04-30,0.0,True,False,False
ОсОО Ала-Арча Авиа,2026-06-01,2026-06-30,-63528.61,-22417.15,41111.46000000002,19,,"ОсОО ""Ала-Арча Авиа""",-2.1827872842550278e-11,-63528.61,2026-05-31,0.0,True,False,False
ОсОО Ала-Арча Авиа,2026-07-01,2026-07-31,-22417.15,-205194.4,-182777.25,22,,"ОсОО ""Ала-Арча Авиа""",0.0,-22417.15,2026-06-30,0.0,True,False,False
ОсОО Ала-Арча Трип,2026-01-01,2026-01-31,0.0,-452077.08,-452077.08,13,,"ОсОО ""Ала-Арча Трип""",0.0,,,,False,False,False
ОсОО Ала-Арча Трип,2026-02-01,2026-02-28,-452077.08,-805624.34,-353547.26,6,,"ОсОО ""Ала-Арча Трип""",1.1641532182693481e-10,-452077.08,2026-01-31,0.0,True,False,False
ОсОО Ала-Арча Трип,2026-03-01,2026-03-31,-805624.34,-660777.51,144846.83000000002,13,,"ОсОО ""Ала-Арча Трип""",0.0,-805624.34,2026-02-28,0.0,True,False,False
ОсОО Ала-Арча Трип,2026-04-01,2026-04-30,-660777.51,-606510.29,54267.22,11,,"ОсОО ""Ала-Арча Трип""",0.0,-660777.51,2026-03-31,0.0,True,False,False
ОсОО Ала-Арча Трип,2026-05-01,2026-05-31,-323201.3,59120.15,382321.45,15,,"ОсОО ""Ала-Арча Трип""",-2.1827872842550278e-11,-606510.29,2026-04-30,283308.99000000005,True,True,False
ОсОО Ала-Арча Трип,2026-06-01,2026-06-30,59120.15,189162.89,130042.74000000002,20,,"ОсОО ""Ала-Арча Трип""",0.0,59120.15,2026-05-31,0.0,True,False,False
ОсОО Ала-Арча Трип,2026-07-01,2026-07-31,189162.89,168576.36,-20586.53,16,,"ОсОО ""Ала-Арча Трип""",-2.9103830456733704e-11,189162.89,2026-06-30,0.0,True,False,False
ОсОО Ала-Тоо Эйр,2026-01-01,2026-01-31,640897.63,705226.29,64328.65999999999,13,,"ОсОО ""Ала-Тоо Эйр""",0.0,,,,False,False,False
ОсОО Ала-Тоо Эйр,2026-02-01,2026-02-28,705226.29,1451799.46,746573.17,16,,"ОсОО ""Ала-Тоо Эйр""",0.0,705226.29,2026-01-31,0.0,True,False,False
ОсОО Ала-Тоо Эйр,2026-03-01,2026-03-31,1168490.47,434473.42,-734017.05,12,,"ОсОО ""Ала-Тоо Эйр""",5.820766091346741e-11,1451799.46,2026-02-28,-283308.99,True,True,False
ОсОО Ала-Тоо Эйр,2026-04-01,2026-04-30,434473.42,108626.1,-325847.32,14,,"ОсОО ""Ала-Тоо Эйр""",2.9103830456733704e-11,434473.42,2026-03-31,0.0,True,False,False
ОсОО Ала-Тоо Эйр,2026-05-01,2026-05-31,108626.1,420866.16,312240.06,21,,"ОсОО ""Ала-Тоо Эйр""",-5.820766091346741e-11,108626.1,2026-04-30,0.0,True,False,False
ОсОО Ала-Тоо Эйр,2026-06-01,2026-06-30,420866.16,-208754.15,-629620.31,16,,"ОсОО ""Ала-Тоо Эйр""",8.731149137020111e-11,420866.16,2026-05-31,0.0,True,False,False
ОсОО Ала-Тоо Эйр,2026-07-01,2026-07-31,-208754.15,84654.24,293408.38999999996,25,,"ОсОО ""Ала-Тоо Эйр""",4.3655745685100555e-11,-208754.15,2026-06-30,0.0,True,False,False
ОсОО Алтын Эйр,2026-01-01,2026-01-31,0.0,-826364.05,-826364.05,23,,"ОсОО ""Алтын Эйр""",0.0,,,,False,False,False
ОсОО Алтын Эйр,2026-02-01,2026-02-28,-826364.05,-1247831.01,-421466.95999999996,15,,"ОсОО ""Алтын Эйр""",0.0,-826364.05,2026-01-31,0.0,True,False,False
ОсОО Алтын Эйр,2026-03-01,2026-03-31,-1247831.01,-916597.46,331233.55,30,,"ОсОО ""Алтын Эйр""",0.0,-1247831.01,2026-02-28,0.0,True,False,False
ОсОО Алтын Эйр,2026-04-01,2026-04-30,-916597.46,-728832.11,187765.35000000003,30,,"ОсОО ""Алтын Эйр""",-1.1641532182693481e-10,-916597.46,2026-03-31,0.0,True,False,False
ОсОО Алтын Эйр,2026-05-01,2026-05-31,-728832.11,-2189372.17,-1460540.06,32,,"ОсОО ""Алтын Эйр""",0.0,-728832.11,2026-04-30,0.0,True,False,False
ОсОО Алтын Эйр,2026-06-01,2026-06-30,-2189372.17,-1754270.26,435101.91000000003,36,переиздан,"ОсОО ""Алтын Эйр""",-2.3283064365386963e-10,-2189372.17,2026-05-31,0.0,True,False,False
ОсОО Алтын Эйр,2026-07-01,2026-07-31,-1754270.26,-914893.78,839376.48,38,,"ОсОО ""Алтын Эйр""",0.0,-1754270.26,2026-06-30,0.0,True,False,False
ОсОО Иссык Тур,2026-01-01,2026-01-31,0.0,-287469.09,-287469.08999999997,37,,"ОсОО ""Иссык Тур""",-5.820766091346741e-11,,,,False,False,False
ОсОО Иссык Тур,2026-02-01,2026-02-28,-287469.09,-185175.12,102293.97,20,,"ОсОО ""Иссык Тур""",2.9103830456733704e-11,-287469.09,2026-01-31,0.0,True,False,False
ОсОО Иссык Тур,2026-03-01,2026-03-31,-185175.12,-1329092.51,-1143917.3900000001,28,,"ОсОО ""Иссык Тур""",2.3283064365386963e-10,-185175.12,2026-02-28,0.0,True,False,False
ОсОО Иссык Тур,2026-04-01,2026-04-30,-1329092.51,-1131826.04,197266.47,24,,"ОсОО ""Иссык Тур""",0.0,-1329092.51,2026-03-31,0.0,True,False,False
ОсОО Иссык Тур,2026-05-01,2026-05-31,-1131826.04,-1022654.41,109171.63,34,,"ОсОО ""Иссык Тур""",0.0,-1131826.04,2026-04-30,0.0,True,False,False
ОсОО Иссык Тур,2026-06-01,2026-06-30,-1022654.41,-414876.27,607778.14,28,переиздан,"ОсОО ""Иссык Тур""",0.0,-1022654.41,2026-05-31,0.0,True,False,False
ОсОО Иссык Тур,2026-07-01,2026-07-31,-414876.27,55501.35,470377.62,35,,"ОсОО ""Иссык Тур""",2.1827872842550278e-11,-414876.27,2026-06-30,0.0,True,False,False
ОсОО Кара-Кол Трип,2026-01-01,2026-01-31,0.0,-573202.47,-573202.47,21,,"ОсОО ""Кара-Кол Трип""",0.0,,,,False,False,False
ОсОО Кара-Кол Трип,2026-02-01,2026-02-28,-573202.47,136160.76,709363.23,22,,"ОсОО ""Кара-Кол Трип""",0.0,-573202.47,2026-01-31,0.0,True,False,False
ОсОО Кара-Кол Трип,2026-03-01,2026-03-31,136160.76,-363278.33,-499439.08999999997,18,,"ОсОО ""Кара-Кол Трип""",-5.820766091346741e-11,136160.76,2026-02-28,0.0,True,False,False
ОсОО Кара-Кол Трип,2026-04-01,2026-04-30,-363278.33,-919276.42,-555998.09,16,,"ОсОО ""Кара-Кол Трип""",-1.1641532182693481e-10,-363278.33,2026-03-31,0.0,True,False,False
ОсОО Кара-Кол Трип,2026-05-01,2026-05-31,-919276.42,-611346.35,307930.06999999995,28,,"ОсОО ""Кара-Кол Трип""",1.1641532182693481e-10,-919276.42,2026-04-30,0.0,True,False,False
ОсОО Кара-Кол Трип,2026-06-01,2026-06-30,-611346.35,-741289.45,-129943.1,28,,"ОсОО ""Кара-Кол Трип""",0.0,-611346.35,2026-05-31,0.0,True,False,False
ОсОО Кара-Кол Трип,2026-07-01,2026-07-31,-741289.45,-244604.58,496684.87000000005,28,,"ОсОО ""Кара-Кол Трип""",-8.731149137020111e-11,-741289.45,2026-06-30,0.0,True,False,False
ОсОО Кок-Жайык Вояж,2026-01-01,2026-01-31,0.0,-232955.85,-232955.84999999998,26,,"ОсОО ""Кок-Жайык Вояж""",-2.9103830456733704e-11,,,,False,False,False
ОсОО Кок-Жайык Вояж,2026-02-01,2026-02-28,-232955.85,-92135.3,140820.55000000002,20,,"ОсОО ""Кок-Жайык Вояж""",-1.4551915228366852e-11,-232955.85,2026-01-31,0.0,True,False,False
ОсОО Кок-Жайык Вояж,2026-03-01,2026-03-31,-92135.3,84876.59,177011.88999999998,30,,"ОсОО ""Кок-Жайык Вояж""",1.4551915228366852e-11,-92135.3,2026-02-28,0.0,True,False,False
ОсОО Кок-Жайык Вояж,2026-04-01,2026-04-30,84876.59,-191212.59,-276089.18,29,,"ОсОО ""Кок-Жайык Вояж""",0.0,84876.59,2026-03-31,0.0,True,False,False
ОсОО Кок-Жайык Вояж,2026-05-01,2026-05-31,-191212.59,-554432.46,-363219.87,40,,"ОсОО ""Кок-Жайык Вояж""",0.0,-191212.59,2026-04-30,0.0,True,False,False
ОсОО Кок-Жайык Вояж,2026-06-01,2026-06-30,-554432.46,-699835.62,-145403.16,26,,"ОсОО ""Кок-Жайык Вояж""",0.0,-554432.46,2026-05-31,0.0,True,False,False
ОсОО Кок-Жайык Вояж,2026-07-01,2026-07-31,-699835.62,-55615.31,644220.31,37,переиздан,"ОсОО ""Кок-Жайык Вояж""",-5.820766091346741e-11,-699835.62,2026-06-30,0.0,True,False,False
ОсОО Кок-Жайык Лайн,2026-01-01,2026-01-31,573536.76,205763.34,-367773.42,23,,"ОсОО ""Кок-Жайык Лайн""",-2.9103830456733704e-11,,,,False,False,False
ОсОО Кок-Жайык Лайн,2026-02-01,2026-02-28,205763.34,411751.71,205988.37,8,,"ОсОО ""Кок-Жайык Лайн""",5.820766091346741e-11,205763.34,2026-01-31,0.0,True,False,False
ОсОО Кок-Жайык Лайн,2026-03-01,2026-03-31,411751.71,-44761.24,-456512.95,19,,"ОсОО ""Кок-Жайык Лайн""",-7.275957614183426e-12,411751.71,2026-02-28,0.0,True,False,False
ОсОО Кок-Жайык Лайн,2026-04-01,2026-04-30,-44761.24,-253946.36,-209185.12,13,,"ОсОО ""Кок-Жайык Лайн""",0.0,-44761.24,2026-03-31,0.0,True,False,False
ОсОО Кок-Жайык Лайн,2026-05-01,2026-05-31,-253946.36,-321202.82,-67256.46000000002,25,,"ОсОО ""Кок-Жайык Лайн""",0.0,-253946.36,2026-04-30,0.0,True,False,False
ОсОО Кок-Жайык Лайн,2026-06-01,2026-06-30,-321202.82,-464852.62,-143649.80000000002,16,,"ОсОО ""Кок-Жайык Лайн""",0.0,-321202.82,2026-05-31,0.0,True,False,False
ОсОО Кок-Жайык Лайн,2026-07-01,2026-07-31,-464852.62,347797.28,812649.8999999999,29,,"ОсОО ""Кок-Жайык Лайн""",1.1641532182693481e-10,-464852.62,2026-06-30,0.0,True,False,False
ОсОО Тянь-Шань Вояж,2026-01-01,2026-01-31,-515924.29,-616349.73,-100425.44,13,,"ОсОО ""Тянь-Шань Вояж""",0.0,,,,False,False,False
ОсОО Тянь-Шань Вояж,2026-02-01,2026-02-28,-616349.73,-624751.22,-8401.48999999999,9,,"ОсОО ""Тянь-Шань Вояж""",0.0,-616349.73,2026-01-31,0.0,True,False,False
ОсОО Тянь-Шань Вояж,2026-03-01,2026-03-31,-624751.22,-687568.6,-62817.380000000005,15,,"ОсОО ""Тянь-Шань Вояж""",0.0,-624751.22,2026-02-28,0.0,True,False,False
ОсОО Тянь-Шань Вояж,2026-04-01,2026-04-30,-687568.6,-1052444.03,-364875.43,10,,"ОсОО ""Тянь-Шань Вояж""",0.0,-687568.6,2026-03-31,0.0,True,False,False
ОсОО Тянь-Шань Вояж,2026-05-01,2026-05-31,-1052444.03,-1181998.98,-129554.94999999998,24,,"ОсОО ""Тянь-Шань Вояж""",0.0,-1052444.03,2026-04-30,0.0,True,False,False
ОсОО Тянь-Шань Вояж,2026-06-01,2026-06-30,-1181998.98,-683604.33,498394.65,22,,"ОсОО ""Тянь-Шань Вояж""",0.0,-1181998.98,2026-05-31,0.0,True,False,False
ОсОО Тянь-Шань Вояж,2026-07-01,2026-07-31,-683604.33,-620034.55,63569.78,17,,"ОсОО ""Тянь-Шань Вояж""",-1.1641532182693481e-10,-683604.33,2026-06-30,0.0,True,False,False
ОсОО Чолпон Авиакасса,2026-01-01,2026-01-31,780854.97,226590.53,-554264.44,22,,"ОсОО ""Чолпон Авиакасса""",-2.9103830456733704e-11,,,,False,False,False
ОсОО Чолпон Авиакасса,2026-02-01,2026-02-28,226590.53,701418.0,474827.47,17,,"ОсОО ""Чолпон Авиакасса""",0.0,226590.53,2026-01-31,0.0,True,False,False
ОсОО Чолпон Авиакасса,2026-03-01,2026-03-31,696618.0,486809.89,-209808.11000000002,23,,"ОсОО ""Чолпон Авиакасса""",0.0,701418.0,2026-02-28,-4800.0,True,True,False
ОсОО Чолпон Авиакасса,2026-04-01,2026-04-30,486809.89,-447275.39,-934085.28,24,,"ОсОО ""Чолпон Авиакасса""",0.0,486809.89,2026-03-31,0.0,True,False,False
ОсОО Чолпон Авиакасса,2026-05-01,2026-05-31,-447275.39,-760114.1,-312838.71,41,,"ОсОО ""Чолпон Авиакасса""",1.1641532182693481e-10,-447275.39,2026-04-30,0.0,True,False,False
ОсОО Чолпон Авиакасса,2026-06-01,2026-06-30,-760114.1,-901786.85,-141672.74999999994,30,,"ОсОО ""Чолпон Авиакасса""",-1.1641532182693481e-10,-760114.1,2026-05-31,0.0,True,False,False
ОсОО Чолпон Авиакасса,2026-07-01,2026-07-31,-901786.85,-266998.21,634788.64,33,,"ОсОО ""Чолпон Авиакасса""",-5.820766091346741e-11,-901786.85,2026-06-30,0.0,True,False,False
Осмонова А. Н.,2026-01-01,2026-01-31,0.0,662016.45,662016.45,13,,ИП Осмонова А. Н.,0.0,,,,False,False,False
Осмонова А. Н.,2026-02-01,2026-02-28,662016.45,-99165.65,-761182.1,11,,ИП Осмонова А. Н.,2.9103830456733704e-11,662016.45,2026-01-31,0.0,True,False,False
Осмонова А. Н.,2026-03-01,2026-03-31,-99165.65,-82645.43,16520.220000000023,22,,ИП Осмонова А. Н.,-2.9103830456733704e-11,-99165.65,2026-02-28,0.0,True,False,False
Осмонова А. Н.,2026-04-01,2026-04-30,-82645.43,-695320.2,-612674.77,13,переиздан,ИП Осмонова А. Н.,0.0,-82645.43,2026-03-31,0.0,True,False,False
Осмонова А. Н.,2026-05-01,2026-05-31,-695320.2,-1482284.71,-786964.51,29,,ИП Осмонова А. Н.,0.0,-695320.2,2026-04-30,0.0,True,False,False
Осмонова А. Н.,2026-06-01,2026-06-30,-1482284.71,-793016.3,689268.41,28,,ИП Осмонова А. Н.,-1.1641532182693481e-10,-1482284.71,2026-05-31,0.0,True,False,False
Осмонова А. Н.,2026-07-01,2026-07-31,-793016.3,-28219.67,764796.63,20,,ИП Осмонова А. Н.,4.3655745685100555e-11,-793016.3,2026-06-30,0.0,True,False,False
САЛАМ ВОЯЖ,2026-01-01,2026-01-31,0.0,-45347.22,-45347.22,5,,"ОсОО ""Салам Вояж""",0.0,,,,False,False,False
САЛАМ ВОЯЖ,2026-02-01,2026-02-28,237961.77,113389.53,-124572.24,9,,"ОсОО ""Салам Вояж""",1.4551915228366852e-11,-45347.22,2026-01-31,283308.99,True,True,False
САЛАМ ВОЯЖ,2026-03-01,2026-03-31,113389.53,-148941.29,-262330.82,10,,"ОсОО ""Салам Вояж""",0.0,113389.53,2026-02-28,0.0,True,False,False
САЛАМ ВОЯЖ,2026-04-01,2026-04-30,-148941.29,-394608.51,-245667.22,10,,"ОсОО ""Салам Вояж""",0.0,-148941.29,2026-03-31,0.0,True,False,False
САЛАМ ВОЯЖ,2026-05-01,2026-05-31,-394608.51,-355301.91,39306.60000000001,12,,"ОсОО ""Салам Вояж""",0.0,-394608.51,2026-04-30,0.0,True,False,False
САЛАМ ВОЯЖ,2026-06-01,2026-06-30,-355301.91,-56399.67,298902.24,14,,"ОсОО ""Салам Вояж""",-1.4551915228366852e-11,-355301.91,2026-05-31,0.0,True,False,False
САЛАМ ВОЯЖ,2026-07-01,2026-07-31,-56399.67,192464.47,248864.14,17,,"ОсОО ""Салам Вояж""",-2.9103830456733704e-11,-56399.67,2026-06-30,0.0,True,False,False
САЛАМ ЭЙР,2026-01-01,2026-01-31,-845210.14,-582419.6,262790.54000000004,32,,"ОсОО ""Салам Эйр""",0.0,,,,False,False,False
САЛАМ ЭЙР,2026-02-01,2026-02-28,-582419.6,-1180329.54,-597909.94,23,,"ОсОО ""Салам Эйр""",0.0,-582419.6,2026-01-31,0.0,True,False,False
САЛАМ ЭЙР,2026-03-01,2026-03-31,-1180329.54,-1022815.61,157513.93000000005,22,,"ОсОО ""Салам Эйр""",0.0,-1180329.54,2026-02-28,0.0,True,False,False
САЛАМ ЭЙР,2026-04-01,2026-04-30,-1022815.61,-763236.26,259579.35,20,,"ОсОО ""Салам Эйр""",0.0,-1022815.61,2026-03-31,0.0,True,False,False
САЛАМ ЭЙР,2026-05-01,2026-05-31,-763236.26,-1189774.03,-426537.76999999996,40,,"ОсОО ""Салам Эйр""",0.0,-763236.26,2026-04-30,0.0,True,False,False
САЛАМ ЭЙР,2026-06-01,2026-06-30,-1189774.03,-1368313.42,-178539.38999999998,17,,"ОсОО ""Салам Эйр""",0.0,-1189774.03,2026-05-31,0.0,True,False,False
САЛАМ ЭЙР,2026-07-01,2026-07-31,-1368313.42,-812636.71,555676.71,35,,"ОсОО ""Салам Эйр""",0.0,-1368313.42,2026-06-30,0.0,True,False,False
СОН-КУЛЬ ТУР,2026-01-01,2026-01-31,584933.07,-505624.77,-1090557.8399999999,17,,"ОсОО ""Сон-Куль Тур""",-1.1641532182693481e-10,,,,False,False,False
СОН-КУЛЬ ТУР,2026-02-01,2026-02-28,-505624.77,-929868.44,-424243.67000000004,16,переиздан,"ОсОО ""Сон-Куль Тур""",1.1641532182693481e-10,-505624.77,2026-01-31,0.0,True,False,False
СОН-КУЛЬ ТУР,2026-03-01,2026-03-31,-929868.44,-988801.5,-58933.06000000003,20,,"ОсОО ""Сон-Куль Тур""",0.0,-929868.44,2026-02-28,0.0,True,False,False
СОН-КУЛЬ ТУР,2026-04-01,2026-04-30,-988801.5,-1179470.27,-190668.77,17,,"ОсОО ""Сон-Куль Тур""",0.0,-988801.5,2026-03-31,0.0,True,False,False
СОН-КУЛЬ ТУР,2026-05-01,2026-05-31,-1179470.27,-1160413.47,19056.799999999992,31,,"ОсОО ""Сон-Куль Тур""",0.0,-1179470.27,2026-04-30,0.0,True,False,False
СОН-КУЛЬ ТУР,2026-06-01,2026-06-30,-1160413.47,-458222.28,702191.19,28,,"ОсОО ""Сон-Куль Тур""",0.0,-1160413.47,2026-05-31,0.0,True,False,False
СОН-КУЛЬ ТУР,2026-07-01,2026-07-31,-458222.28,-61153.38,397068.9,18,,"ОсОО ""Сон-Куль Тур""",7.275957614183426e-12,-458222.28,2026-06-30,0.0,True,False,False
Сагын кызы Б.,2026-01-01,2026-01-31,-401511.74,-363508.27,38003.470000000016,11,,ИП Сагын кызы Б.,-5.820766091346741e-11,,,,False,False,False
Сагын кызы Б.,2026-02-01,2026-02-28,-363508.27,-196564.26,166944.01,4,,ИП Сагын кызы Б.,0.0,-363508.27,2026-01-31,0.0,True,False,False
Сагын кызы Б.,2026-03-01,2026-03-31,-196564.26,34960.05,231524.31,7,,ИП Сагын кызы Б.,1.4551915228366852e-11,-196564.26,2026-02-28,0.0,True,False,False
Сагын кызы Б.,2026-04-01,2026-04-30,34960.05,-783548.07,-818508.12,5,,ИП Сагын кызы Б.,0.0,34960.05,2026-03-31,0.0,True,False,False
Сагын кызы Б.,2026-05-01,2026-05-31,-783548.07,-823095.02,-39546.95000000001,10,,ИП Сагын кызы Б.,0.0,-783548.07,2026-04-30,0.0,True,False,False
Сагын кызы Б.,2026-06-01,2026-06-30,-823095.02,-361999.09,461095.93,10,,ИП Сагын кызы Б.,0.0,-823095.02,2026-05-31,0.0,True,False,False
Сагын кызы Б.,2026-07-01,2026-07-31,-361999.09,-419297.25,-57298.16,11,,ИП Сагын кызы Б.,0.0,-361999.09,2026-06-30,0.0,True,False,False
Салам Авиакасса,2026-01-01,2026-01-31,0.0,276442.84,276442.83999999997,17,,"ОсОО ""Салам Авиакасса""",5.820766091346741e-11,,,,False,False,False
Салам Авиакасса,2026-02-01,2026-02-28,276442.84,-179314.0,-455756.84,28,,"ОсОО ""Салам Авиакасса""",0.0,276442.84,2026-01-31,0.0,True,False,False
Салам Авиакасса,2026-03-01,2026-03-31,-179314.0,-130555.33,48758.669999999984,28,,"ОсОО ""Салам Авиакасса""",1.4551915228366852e-11,-179314.0,2026-02-28,0.0,True,False,False
Салам Авиакасса,2026-04-01,2026-04-30,-130555.33,-306081.83,-175526.5,29,,"ОсОО ""Салам Авиакасса""",0.0,-130555.33,2026-03-31,0.0,True,False,False
Салам Авиакасса,2026-05-01,2026-05-31,-306081.83,-683197.3,-377115.47000000003,32,,"ОсОО ""Салам Авиакасса""",0.0,-306081.83,2026-04-30,0.0,True,False,False
Салам Авиакасса,2026-06-01,2026-06-30,-683197.3,-942826.26,-259628.96000000002,30,,"ОсОО ""Салам Авиакасса""",0.0,-683197.3,2026-05-31,0.0,True,False,False
Салам Авиакасса,2026-07-01,2026-07-31,-942826.26,-583294.41,359531.85,35,,"ОсОО ""Салам Авиакасса""",0.0,-942826.26,2026-06-30,0.0,True,False,False
Салам Экспресс,2026-01-01,2026-01-31,0.0,58060.87,58060.870000000024,22,,"ОсОО ""Салам Экспресс""",-2.1827872842550278e-11,,,,False,False,False
Салам Экспресс,2026-02-01,2026-02-28,58060.87,-437303.98,-495364.85000000003,25,,"ОсОО ""Салам Экспресс""",5.820766091346741e-11,58060.87,2026-01-31,0.0,True,False,False
Салам Экспресс,2026-03-01,2026-03-31,-437303.98,-363894.99,73408.98999999999,26,,"ОсОО ""Салам Экспресс""",0.0,-437303.98,2026-02-28,0.0,True,False,False
Салам Экспресс,2026-04-01,2026-04-30,-363894.99,-350621.17,13273.819999999967,22,,"ОсОО ""Салам Экспресс""",5.820766091346741e-11,-363894.99,2026-03-31,0.0,True,False,False
Салам Экспресс,2026-05-01,2026-05-31,-350621.17,-381502.06,-30880.89,30,,"ОсОО ""Салам Экспресс""",0.0,-350621.17,2026-04-30,0.0,True,False,False
Салам Экспресс,2026-06-01,2026-06-30,-381502.06,214478.56,595980.62,30,,"ОсОО ""Салам Экспресс""",0.0,-381502.06,2026-05-31,0.0,True,False,False
Салам Экспресс,2026-07-01,2026-07-31,214478.56,348543.06,134064.50000000003,33,,"ОсОО ""Салам Экспресс""",-5.820766091346741e-11,214478.56,2026-06-30,0.0,True,False,False
Сатар уулу Санжар,2026-01-01,2026-01-31,-414933.16,601378.24,1016311.4,82,,Сатар уулу Санжар,0.0,,,,False,False,False
Сатар уулу Санжар,2026-02-01,2026-02-28,601378.24,-756072.0,-1357450.24,73,,Сатар уулу Санжар,0.0,601378.24,2026-01-31,0.0,True,False,False
Сатар уулу Санжар,2026-03-01,2026-03-31,-756072.0,202649.34,958721.3400000001,100,,Сатар уулу Санжар,-8.731149137020111e-11,-756072.0,2026-02-28,0.0,True,False,False
Сатар уулу Санжар,2026-05-01,2026-05-31,-1110441.94,-1806698.56,-696256.6200000001,112,,Сатар уулу Санжар,0.0,202649.34,2026-03-31,-1313091.28,False,False,True
Сатар уулу Санжар,2026-07-01,2026-07-31,-2490873.42,-342854.9,2148018.52,116,,Сатар уулу Санжар,-1.1641532182693481e-10,-1806698.56,2026-05-31,-684174.8599999999,False,False,True
Сатарова А. О.,2026-01-01,2026-01-31,0.0,-231699.33,-231699.33000000002,10,,ИП Сатарова А. О.,2.9103830456733704e-11,,,,False,False,False
Сатарова А. О.,2026-02-01,2026-02-28,-231699.33,-378513.44,-146814.11,15,,ИП Сатарова А. О.,-5.820766091346741e-11,-231699.33,2026-01-31,0.0,True,False,False
Сатарова А. О.,2026-03-01,2026-03-31,-378513.44,-13921.05,364592.39,20,,ИП Сатарова А. О.,-1.0913936421275139e-11,-378513.44,2026-02-28,0.0,True,False,False
Сатарова А. О.,2026-04-01,2026-04-30,-13921.05,-307131.53,-293210.48,18,,ИП Сатарова А. О.,-5.820766091346741e-11,-13921.05,2026-03-31,0.0,True,False,False
Сатарова А. О.,2026-05-01,2026-05-31,-307131.53,-278658.01,28473.51999999999,20,,ИП Сатарова А. О.,0.0,-307131.53,2026-04-30,0.0,True,False,False
Сатарова А. О.,2026-06-01,2026-06-30,-278658.01,-304920.95,-26262.93999999999,9,,ИП Сатарова А. О.,0.0,-278658.01,2026-05-31,0.0,True,False,False
Сатарова А. О.,2026-07-01,2026-07-31,-304920.95,175140.49,480061.44,19,,ИП Сатарова А. О.,0.0,-304920.95,2026-06-30,0.0,True,False,False
Сатарова Жылдыз Жумабековна,2026-01-01,2026-01-31,343689.3,649160.13,305470.83,7,,Сатарова Жылдыз Жумабековна,0.0,,,,False,False,False
Сатарова Жылдыз Жумабековна,2026-02-01,2026-02-28,649160.13,456947.85,-192212.28,9,,Сатарова Жылдыз Жумабековна,0.0,649160.13,2026-01-31,0.0,True,False,False
Сатарова Жылдыз Жумабековна,2026-03-01,2026-03-31,456947.85,726574.96,269627.11,11,,Сатарова Жылдыз Жумабековна,0.0,456947.85,2026-02-28,0.0,True,False,False
Сатарова Жылдыз Жумабековна,2026-04-01,2026-04-30,726574.96,888395.09,161820.13,6,,Сатарова Жылдыз Жумабековна,0.0,726574.96,2026-03-31,0.0,True,False,False
Сатарова Жылдыз Жумабековна,2026-05-01,2026-05-31,888395.09,690557.89,-197837.19999999998,16,,Сатарова Жылдыз Жумабековна,0.0,888395.09,2026-04-30,0.0,True,False,False
Сатарова Жылдыз Жумабековна,2026-06-01,2026-06-30,690557.89,417821.0,-272736.89,6,,Сатарова Жылдыз Жумабековна,0.0,690557.89,2026-05-31,0.0,True,False,False
Сатарова Жылдыз Жумабековна,2026-07-01,2026-07-31,417821.0,391048.92,-26772.080000000045,22,,Сатарова Жылдыз Жумабековна,5.820766091346741e-11,417821.0,2026-06-30,0.0,True,False,False
Сыдыков С. У.,2026-01-01,2026-01-31,448214.7,-201712.04,-649926.74,12,,ИП Сыдыков С. У.,-2.9103830456733704e-11,,,,False,False,False
Сыдыков С. У.,2026-02-01,2026-02-28,-201712.04,-38069.15,163642.89,5,,ИП Сыдыков С. У.,-7.275957614183426e-12,-201712.04,2026-01-31,0.0,True,False,False
Сыдыков С. У.,2026-03-01,2026-03-31,-38069.15,-54682.1,-16612.949999999997,9,,ИП Сыдыков С. У.,0.0,-38069.15,2026-02-28,0.0,True,False,False
Сыдыков С. У.,2026-04-01,2026-04-30,-54682.1,-196892.15,-142210.05,15,,ИП Сыдыков С. У.,0.0,-54682.1,2026-03-31,0.0,True,False,False
Сыдыков С. У.,2026-06-01,2026-06-30,-260024.08,-536062.91,-276038.83,9,,ИП Сыдыков С. У.,0.0,-196892.15,2026-04-30,-63131.92999999999,False,False,True
Сыдыков С. У.,2026-07-01,2026-07-31,-536062.91,-9212.69,526850.22,14,,ИП Сыдыков С. У.,6.002665031701326e-11,-536062.91,2026-06-30,0.0,True,False,False
ТАЛАС ВОЯЖ,2026-01-01,2026-01-31,-157768.27,-420175.83,-262407.56,9,,"ОсОО ""Талас Вояж""",-5.820766091346741e-11,,,,False,False,False
ТАЛАС ВОЯЖ,2026-02-01,2026-02-28,-420175.83,-382115.63,38060.2,5,,"ОсОО ""Талас Вояж""",0.0,-420175.83,2026-01-31,0.0,True,False,False
ТАЛАС ВОЯЖ,2026-03-01,2026-03-31,-382115.63,-121205.58,260910.05000000002,8,,"ОсОО ""Талас Вояж""",-1.4551915228366852e-11,-382115.63,2026-02-28,0.0,True,False,False
ТАЛАС ВОЯЖ,2026-04-01,2026-04-30,-121205.58,-266496.63,-145291.05000000002,13,,"ОсОО ""Талас Вояж""",0.0,-121205.58,2026-03-31,0.0,True,False,False
ТАЛАС ВОЯЖ,2026-05-01,2026-05-31,-238996.63,-164429.28,74567.34999999998,18,,"ОсОО ""Талас Вояж""",2.9103830456733704e-11,-266496.63,2026-04-30,27500.0,True,True,False
ТАЛАС ВОЯЖ,2026-06-01,2026-06-30,-164429.28,-17662.57,146766.71,7,,"ОсОО ""Талас Вояж""",7.275957614183426e-12,-164429.28,2026-05-31,0.0,True,False,False
ТАЛАС ВОЯЖ,2026-07-01,2026-07-31,-17662.57,-23307.02,-5644.449999999993,13,,"ОсОО ""Талас Вояж""",-7.275957614183426e-12,-17662.57,2026-06-30,0.0,True,False,False
ТАЛАС ЛАЙН,2026-01-01,2026-01-31,291980.13,915535.6,623555.47,24,,"ОсОО ""Талас Лайн""",0.0,,,,False,False,False
ТАЛАС ЛАЙН,2026-02-01,2026-02-28,915535.6,19034.48,-896501.12,28,,"ОсОО ""Талас Лайн""",1.8189894035458565e-11,915535.6,2026-01-31,0.0,True,False,False
ТАЛАС ЛАЙН,2026-03-01,2026-03-31,19034.48,10591.61,-8442.869999999995,24,,"ОсОО ""Талас Лайн""",-3.637978807091713e-12,19034.48,2026-02-28,0.0,True,False,False
ТАЛАС ЛАЙН,2026-04-01,2026-04-30,10591.61,-628665.33,-639256.94,25,,"ОсОО ""Талас Лайн""",0.0,10591.61,2026-03-31,0.0,True,False,False
ТАЛАС ЛАЙН,2026-05-01,2026-05-31,-628665.33,-992947.7,-364282.37,32,,"ОсОО ""Талас Лайн""",0.0,-628665.33,2026-04-30,0.0,True,False,False
ТАЛАС ЛАЙН,2026-06-01,2026-06-30,-992947.7,-1486941.15,-493993.45,39,,"ОсОО ""Талас Лайн""",0.0,-992947.7,2026-05-31,0.0,True,False,False
ТАЛАС ЛАЙН,2026-07-01,2026-07-31,-1486941.15,-694563.66,792377.49,27,,"ОсОО ""Талас Лайн""",-1.1641532182693481e-10,-1486941.15,2026-06-30,0.0,True,False,False
ТАЛАС ЭЙР,2026-01-01,2026-01-31,-304263.31,-661385.41,-357122.1,9,,"ОсОО ""Талас Эйр""",-1.1641532182693481e-10,,,,False,False,False
ТАЛАС ЭЙР,2026-02-01,2026-02-28,-661385.41,-901011.49,-239626.08000000002,2,,"ОсОО ""Талас Эйр""",0.0,-661385.41,2026-01-31,0.0,True,False,False
ТАЛАС ЭЙР,2026-03-01,2026-03-31,-901011.49,-1779314.39,-878302.9,19,,"ОсОО ""Талас Эйр""",2.3283064365386963e-10,-901011.49,2026-02-28,0.0,True,False,False
ТАЛАС ЭЙР,2026-04-01,2026-04-30,-1779314.39,-1525531.79,253782.6,11,,"ОсОО ""Талас Эйр""",-2.3283064365386963e-10,-1779314.39,2026-03-31,0.0,True,False,False
ТАЛАС ЭЙР,2026-05-01,2026-05-31,-1525531.79,-1423740.01,101791.78,20,,"ОсОО ""Талас Эйр""",0.0,-1525531.79,2026-04-30,0.0,True,False,False
ТАЛАС ЭЙР,2026-06-01,2026-06-30,-1423740.01,-860021.8,563718.21,15,,"ОсОО ""Талас Эйр""",0.0,-1423740.01,2026-05-31,0.0,True,False,False
ТАЛАС ЭЙР,2026-07-01,2026-07-31,-860021.8,-931557.45,-71535.65,18,,"ОсОО ""Талас Эйр""",1.1641532182693481e-10,-860021.8,2026-06-30,0.0,True,False,False
ТЯНЬ-ШАНЬ ЭКСПРЕСС,2026-01-01,2026-01-31,-894996.03,-1141518.69,-246522.66,21,,"ОсОО ""Тянь-Шань Экспресс""",0.0,,,,False,False,False
ТЯНЬ-ШАНЬ ЭКСПРЕСС,2026-02-01,2026-02-28,-1141518.69,-2069135.48,-927616.79,13,,"ОсОО ""Тянь-Шань Экспресс""",0.0,-1141518.69,2026-01-31,0.0,True,False,False
ТЯНЬ-ШАНЬ ЭКСПРЕСС,2026-03-01,2026-03-31,-2069135.48,-2635675.74,-566540.26,20,,"ОсОО ""Тянь-Шань Экспресс""",0.0,-2069135.48,2026-02-28,0.0,True,False,False
ТЯНЬ-ШАНЬ ЭКСПРЕСС,2026-04-01,2026-04-30,-2635675.74,-2220489.26,415186.48,14,,"ОсОО ""Тянь-Шань Экспресс""",4.656612873077393e-10,-2635675.74,2026-03-31,0.0,True,False,False
ТЯНЬ-ШАНЬ ЭКСПРЕСС,2026-05-01,2026-05-31,-2220489.26,-1956418.86,264070.4,26,,"ОсОО ""Тянь-Шань Экспресс""",-2.3283064365386963e-10,-2220489.26,2026-04-30,0.0,True,False,False
ТЯНЬ-ШАНЬ ЭКСПРЕСС,2026-06-01,2026-06-30,-1956418.86,-1418977.66,537441.2,23,,"ОсОО ""Тянь-Шань Экспресс""",2.3283064365386963e-10,-1956418.86,2026-05-31,0.0,True,False,False
ТЯНЬ-ШАНЬ ЭКСПРЕСС,2026-07-01,2026-07-31,-1418977.66,-1442704.17,-23726.509999999973,14,,"ОсОО ""Тянь-Шань Экспресс""",0.0,-1418977.66,2026-06-30,0.0,True,False,False
Тянь-Шань Тур,2026-01-01,2026-01-31,230853.12,-323084.79,-553937.91,12,,"ОсОО ""Тянь-Шань Тур""",5.820766091346741e-11,,,,False,False,False
Тянь-Шань Тур,2026-02-01,2026-02-28,-323084.79,-81848.16,241236.63,11,,"ОсОО ""Тянь-Шань Тур""",-2.9103830456733704e-11,-323084.79,2026-01-31,0.0,True,False,False
Тянь-Шань Тур,2026-03-01,2026-03-31,-81848.16,-181558.58,-99710.42,11,,"ОсОО ""Тянь-Шань Тур""",2.9103830456733704e-11,-81848.16,2026-02-28,0.0,True,False,False
Тянь-Шань Тур,2026-06-01,2026-06-30,-682561.67,-222937.97,459623.7,13,,"ОсОО ""Тянь-Шань Тур""",2.9103830456733704e-11,-181558.58,2026-03-31,-501003.0900000001,False,False,True
Тянь-Шань Тур,2026-07-01,2026-07-31,-222937.97,-330264.32,-107326.34999999998,15,,"ОсОО ""Тянь-Шань Тур""",-5.820766091346741e-11,-222937.97,2026-06-30,0.0,True,False,False
Урматов Эрлан Сагынович,2026-01-01,2026-01-31,0.0,609009.15,609009.15,13,,Урматов Эрлан Сагынович,0.0,,,,False,False,False
Урматов Эрлан Сагынович,2026-02-01,2026-02-28,609009.15,344093.13,-264916.02,12,,Урматов Эрлан Сагынович,0.0,609009.15,2026-01-31,0.0,True,False,False
Урматов Эрлан Сагынович,2026-03-01,2026-03-31,344093.13,290088.73,-54004.399999999994,16,,Урматов Эрлан Сагынович,0.0,344093.13,2026-02-28,0.0,True,False,False
Урматов Эрлан Сагынович,2026-04-01,2026-04-30,290088.73,283464.89,-6623.840000000007,18,,Урматов Эрлан Сагынович,5.820766091346741e-11,290088.73,2026-03-31,0.0,True,False,False
Урматов Эрлан Сагынович,2026-05-01,2026-05-31,283464.89,408249.29,124784.4,21,,Урматов Эрлан Сагынович,-5.820766091346741e-11,283464.89,2026-04-30,0.0,True,False,False
Урматов Эрлан Сагынович,2026-06-01,2026-06-30,408249.29,-197208.16,-605457.45,18,,Урматов Эрлан Сагынович,-2.9103830456733704e-11,408249.29,2026-05-31,0.0,True,False,False
Урматов Эрлан Сагынович,2026-07-01,2026-07-31,-197208.16,-415384.01,-218175.85,19,,Урматов Эрлан Сагынович,0.0,-197208.16,2026-06-30,0.0,True,False,False
Урматова Айпери Нурбековна,2026-01-01,2026-01-31,0.0,-397575.72,-397575.72000000003,13,,Урматова Айпери Нурбековна,5.820766091346741e-11,,,,False,False,False
Урматова Айпери Нурбековна,2026-02-01,2026-02-28,-397575.72,67598.21,465173.93,10,,Урматова Айпери Нурбековна,-1.4551915228366852e-11,-397575.72,2026-01-31,0.0,True,False,False
Урматова Айпери Нурбековна,2026-03-01,2026-03-31,67598.21,-261964.19,-329562.39999999997,17,,Урматова Айпери Нурбековна,-5.820766091346741e-11,67598.21,2026-02-28,0.0,True,False,False
Урматова Айпери Нурбековна,2026-04-01,2026-04-30,-261964.19,-927131.59,-665167.4,12,,Урматова Айпери Нурбековна,1.1641532182693481e-10,-261964.19,2026-03-31,0.0,True,False,False
Урматова Айпери Нурбековна,2026-05-01,2026-05-31,-927131.59,-883166.85,43964.73999999999,30,,Урматова Айпери Нурбековна,0.0,-927131.59,2026-04-30,0.0,True,False,False
Урматова Айпери Нурбековна,2026-06-01,2026-06-30,-883166.85,-400983.57,482183.28,17,,Урматова Айпери Нурбековна,-5.820766091346741e-11,-883166.85,2026-05-31,0.0,True,False,False
Урматова Айпери Нурбековна,2026-07-01,2026-07-31,-400983.57,-359457.59,41525.980000000025,22,,Урматова Айпери Нурбековна,-5.820766091346741e-11,-400983.57,2026-06-30,0.0,True,False,False
ЧОЛПОН ТУР,2026-01-01,2026-01-31,675634.37,534751.53,-140882.84,31,,"ОсОО ""Чолпон Тур""",0.0,,,,False,False,False
ЧОЛПОН ТУР,2026-02-01,2026-02-28,534751.53,1042363.9,507612.37,14,,"ОсОО ""Чолпон Тур""",0.0,534751.53,2026-01-31,0.0,True,False,False
ЧОЛПОН ТУР,2026-05-01,2026-05-31,884320.47,1064788.29,180467.81999999998,29,,"ОсОО ""Чолпон Тур""",0.0,1042363.9,2026-02-28,-158043.43000000005,False,False,True
ЧОЛПОН ТУР,2026-06-01,2026-06-30,1064788.29,1492878.49,428090.19999999995,17,,"ОсОО ""Чолпон Тур""",0.0,1064788.29,2026-05-31,0.0,True,False,False
ЧОЛПОН ТУР,2026-07-01,2026-07-31,1492878.49,1062221.6,-430656.89,26,,"ОсОО ""Чолпон Тур""",0.0,1492878.49,2026-06-30,0.0,True,False,False
ЧОЛПОН ЭЙР,2026-01-01,2026-01-31,-801686.12,-1089613.1,-287926.98,13,,"ОсОО ""Чолпон Эйр""",0.0,,,,False,False,False
ЧОЛПОН ЭЙР,2026-02-01,2026-02-28,-1089613.1,-1135195.18,-45582.080000000016,16,,"ОсОО ""Чолпон Эйр""",2.3283064365386963e-10,-1089613.1,2026-01-31,0.0,True,False,False
ЧОЛПОН ЭЙР,2026-03-01,2026-03-31,-1135195.18,-1496328.28,-361133.10000000003,13,,"ОсОО ""Чолпон Эйр""",0.0,-1135195.18,2026-02-28,0.0,True,False,False
ЧОЛПОН ЭЙР,2026-04-01,2026-04-30,-1496328.28,-1757226.2,-260897.91999999998,15,,"ОсОО ""Чолпон Эйр""",0.0,-1496328.28,2026-03-31,0.0,True,False,False
ЧОЛПОН ЭЙР,2026-05-01,2026-05-31,-1757226.2,-1525671.64,231554.56,23,,"ОсОО ""Чолпон Эйр""",0.0,-1757226.2,2026-04-30,0.0,True,False,False
ЧОЛПОН ЭЙР,2026-06-01,2026-06-30,-1525671.64,-751719.29,773952.35,25,,"ОсОО ""Чолпон Эйр""",-1.1641532182693481e-10,-1525671.64,2026-05-31,0.0,True,False,False
ЧОЛПОН ЭЙР,2026-07-01,2026-07-31,-1035028.28,-927588.96,107439.31999999999,18,,"ОсОО ""Чолпон Эйр""",1.1641532182693481e-10,-751719.29,2026-06-30,-283308.99,True,True,False
Чолпон Тревел,2026-01-01,2026-01-31,0.0,102343.28,102343.28,8,,"ОсОО ""Чолпон Тревел""",0.0,,,,False,False,False
Чолпон Тревел,2026-02-01,2026-02-28,102343.28,-200965.58,-303308.86,6,,"ОсОО ""Чолпон Тревел""",0.0,102343.28,2026-01-31,0.0,True,False,False
Чолпон Тревел,2026-03-01,2026-03-31,-200965.58,-432467.17,-231501.59,9,,"ОсОО ""Чолпон Тревел""",0.0,-200965.58,2026-02-28,0.0,True,False,False
Чолпон Тревел,2026-06-01,2026-06-30,-505137.16,-34185.7,470951.46,22,,"ОсОО ""Чолпон Тревел""",-4.3655745685100555e-11,-432467.17,2026-03-31,-72669.98999999999,False,False,True
Чолпон Тревел,2026-07-01,2026-07-31,-34185.7,-48892.8,-14707.100000000002,8,,"ОсОО ""Чолпон Тревел""",0.0,-34185.7,2026-06-30,0.0,True,False,False
Чынар уулу Эмир,2026-01-01,2026-01-31,-275815.92,-50955.04,224860.88,6,,Чынар уулу Эмир,-2.1827872842550278e-11,,,,False,False,False
Чынар уулу Эмир,2026-04-01,2026-04-30,-1242772.64,-1160665.94,82106.7,5,,Чынар уулу Эмир,0.0,-50955.04,2026-01-31,-1191817.5999999999,False,False,True
Чынар уулу Эмир,2026-05-01,2026-05-31,-1155865.94,-576025.51,579840.43,14,,Чынар уулу Эмир,-1.1641532182693481e-10,-1160665.94,2026-04-30,4800.0,True,True,False
Чынар уулу Эмир,2026-06-01,2026-06-30,-576025.51,-184063.0,391962.51,14,,Чынар уулу Эмир,0.0,-576025.51,2026-05-31,0.0,True,False,False
Чынар уулу Эмир,2026-07-01,2026-07-31,-184063.0,-282656.0,-98593.0,12,переиздан,Чынар уулу Эмир,0.0,-184063.0,2026-06-30,0.0,True,False,False
Чынарова Бурул Джолдошовна,2026-01-01,2026-01-31,0.0,400416.19,400416.19,27,,Чынарова Бурул Джолдошовна,0.0,,,,False,False,False
Чынарова Бурул Джолдошовна,2026-02-01,2026-02-28,400416.19,-350370.96,-750787.15,16,,Чынарова Бурул Джолдошовна,0.0,400416.19,2026-01-31,0.0,True,False,False
Чынарова Бурул Джолдошовна,2026-03-01,2026-03-31,-350370.96,-697542.13,-347171.17000000004,29,,Чынарова Бурул Джолдошовна,1.1641532182693481e-10,-350370.96,2026-02-28,0.0,True,False,False
Чынарова Бурул Джолдошовна,2026-04-01,2026-04-30,-697542.13,-636123.85,61418.27999999999,19,,Чынарова Бурул Джолдошовна,0.0,-697542.13,2026-03-31,0.0,True,False,False
Чынарова Бурул Джолдошовна,2026-05-01,2026-05-31,-636123.85,-385742.43,250381.41999999998,27,,Чынарова Бурул Джолдошовна,0.0,-636123.85,2026-04-30,0.0,True,False,False
Чынарова Бурул Джолдошовна,2026-06-01,2026-06-30,-385742.43,-173006.38,212736.05,37,,Чынарова Бурул Джолдошовна,0.0,-385742.43,2026-05-31,0.0,True,False,False
Чынарова Бурул Джолдошовна,2026-07-01,2026-07-31,-173006.38,208940.87,381947.25,34,,Чынарова Бурул Джолдошовна,0.0,-173006.38,2026-06-30,0.0,True,False,False
ЫЙЫК ЭКСПРЕСС,2026-01-01,2026-01-31,0.0,-940688.08,-940688.08,25,,"ОсОО ""Ыйык Экспресс""",0.0,,,,False,False,False
ЫЙЫК ЭКСПРЕСС,2026-02-01,2026-02-28,-935888.08,-470892.78,464995.3,13,,"ОсОО ""Ыйык Экспресс""",-5.820766091346741e-11,-940688.08,2026-01-31,4800.0,True,True,False
ЫЙЫК ЭКСПРЕСС,2026-03-01,2026-03-31,-470892.78,-1047616.87,-576724.0900000001,30,,"ОсОО ""Ыйык Экспресс""",1.1641532182693481e-10,-470892.78,2026-02-28,0.0,True,False,False
ЫЙЫК ЭКСПРЕСС,2026-04-01,2026-04-30,-1047616.87,-1743760.55,-696143.68,16,,"ОсОО ""Ыйык Экспресс""",0.0,-1047616.87,2026-03-31,0.0,True,False,False
ЫЙЫК ЭКСПРЕСС,2026-05-01,2026-05-31,-1743760.55,-1190672.65,553087.9,24,,"ОсОО ""Ыйык Экспресс""",0.0,-1743760.55,2026-04-30,0.0,True,False,False
ЫЙЫК ЭКСПРЕСС,2026-06-01,2026-06-30,-1190672.65,-1065785.55,124887.09999999998,31,,"ОсОО ""Ыйык Экспресс""",-2.3283064365386963e-10,-1190672.65,2026-05-31,0.0,True,False,False
ЫЙЫК ЭКСПРЕСС,2026-07-01,2026-07-31,-1065785.55,-784767.31,281018.24,36,,"ОсОО ""Ыйык Экспресс""",0.0,-1065785.55,2026-06-30,0.0,True,False,False
Ыйык Авиакасса,2026-01-01,2026-01-31,0.0,-122646.12,-122646.12,6,,"ОсОО ""Ыйык Авиакасса""",0.0,,,,False,False,False
Ыйык Авиакасса,2026-02-01,2026-02-28,-122646.12,-318607.99,-195961.87,6,,"ОсОО ""Ыйык Авиакасса""",0.0,-122646.12,2026-01-31,0.0,True,False,False
Ыйык Авиакасса,2026-03-01,2026-03-31,-318607.99,-549998.06,-231390.07,7,,"ОсОО ""Ыйык Авиакасса""",0.0,-318607.99,2026-02-28,0.0,True,False,False
Ыйык Авиакасса,2026-04-01,2026-04-30,-549998.06,-938449.28,-388451.22,5,,"ОсОО ""Ыйык Авиакасса""",0.0,-549998.06,2026-03-31,0.0,True,False,False
Ыйык Авиакасса,2026-05-01,2026-05-31,-938449.28,-671081.43,267367.85,16,,"ОсОО ""Ыйык Авиакасса""",0.0,-938449.28,2026-04-30,0.0,True,False,False
Ыйык Авиакасса,2026-06-01,2026-06-30,-598591.43,-219275.04,379316.38999999996,21,,"ОсОО ""Ыйык Авиакасса""",8.731149137020111e-11,-671081.43,2026-05-31,72490.0,True,True,False
Ыйык Авиакасса,2026-07-01,2026-07-31,-219275.04,30768.82,250043.86000000002,21,,"ОсОО ""Ыйык Авиакасса""",-7.275957614183426e-12,-219275.04,2026-06-30,0.0,True,False,False
Ыйык Тур,2026-01-01,2026-01-31,700561.83,319120.29,-381441.5399999999,55,,"ОсОО ""Ыйык Тур""",-5.820766091346741e-11,,,,False,False,False
Ыйык Тур,2026-02-01,2026-02-28,319120.29,-912735.67,-1231855.96,47,,"ОсОО ""Ыйык Тур""",-1.1641532182693481e-10,319120.29,2026-01-31,0.0,True,False,False
Ыйык Тур,2026-03-01,2026-03-31,-912735.67,-856905.65,55830.02000000002,59,,"ОсОО ""Ыйык Тур""",0.0,-912735.67,2026-02-28,0.0,True,False,False
Ыйык Тур,2026-04-01,2026-04-30,-856905.65,627154.23,1484059.88,69,,"ОсОО ""Ыйык Тур""",1.1641532182693481e-10,-856905.65,2026-03-31,0.0,True,False,False
Ыйык Тур,2026-05-01,2026-05-31,627154.23,731768.0,104613.76999999995,93,,"ОсОО ""Ыйык Тур""",1.1641532182693481e-10,627154.23,2026-04-30,0.0,True,False,False
Ыйык Тур,2026-06-01,2026-06-30,731768.0,461412.82,-270355.17999999993,79,,"ОсОО ""Ыйык Тур""",-5.820766091346741e-11,731768.0,2026-05-31,0.0,True,False,False
Ыйык Тур,2026-07-01,2026-07-31,461412.82,-84814.64,-546227.46,72,,"ОсОО ""Ыйык Тур""",-4.3655745685100555e-11,461412.82,2026-06-30,0.0,True,False,False
Эсенбек уулу Азамат,2026-01-01,2026-01-31,0.0,-169386.56,-169386.56,11,,Эсенбек уулу Азамат,0.0,,,,False,False,False
Эсенбек уулу Азамат,2026-02-01,2026-02-28,-169386.56,244493.31,413879.87,10,переиздан,Эсенбек уулу Азамат,0.0,-169386.56,2026-01-31,0.0,True,False,False
Эсенбек уулу Азамат,2026-03-01,2026-03-31,244493.31,-474692.58,-719185.89,25,,Эсенбек уулу Азамат,0.0,244493.31,2026-02-28,0.0,True,False,False
Эсенбек уулу Азамат,2026-04-01,2026-04-30,-474692.58,-641632.37,-166939.79,9,,Эсенбек уулу Азамат,0.0,-474692.58,2026-03-31,0.0,True,False,False
Эсенбек уулу Азамат,2026-05-01,2026-05-31,-641632.37,-788071.01,-146438.64,11,,Эсенбек уулу Азамат,0.0,-641632.37,2026-04-30,0.0,True,False,False
Эсенбек уулу Азамат,2026-06-01,2026-06-30,-788071.01,-294602.36,493468.64999999997,14,,Эсенбек уулу Азамат,5.820766091346741e-11,-788071.01,2026-05-31,0.0,True,False,False
Эсенбек уулу Азамат,2026-07-01,2026-07-31,-294602.36,-151329.08,143273.28,12,,Эсенбек уулу Азамат,0.0,-294602.36,2026-06-30,0.0,True,False,False
Эсенбеков Кубат Элдияревич,2026-01-01,2026-01-31,853225.62,987987.68,134762.06000000003,14,,Эсенбеков Кубат Элдияревич,0.0,,,,False,False,False
Эсенбеков Кубат Элдияревич,2026-02-01,2026-02-28,987987.68,481603.7,-506383.98,12,,Эсенбеков Кубат Элдияревич,-5.820766091346741e-11,987987.68,2026-01-31,0.0,True,False,False
Эсенбеков Кубат Элдияревич,2026-03-01,2026-03-31,481603.7,830436.33,348832.63,15,,Эсенбеков Кубат Элдияревич,-1.1641532182693481e-10,481603.7,2026-02-28,0.0,True,False,False
Эсенбеков Кубат Элдияревич,2026-04-01,2026-04-30,830436.33,1141208.8,310772.47000000003,23,,Эсенбеков Кубат Элдияревич,0.0,830436.33,2026-03-31,0.0,True,False,False
Эсенбеков Кубат Элдияревич,2026-05-01,2026-05-31,1141208.8,1584967.49,443758.68999999994,30,,Эсенбеков Кубат Элдияревич,0.0,1141208.8,2026-04-30,0.0,True,False,False
Эсенбеков Кубат Элдияревич,2026-06-01,2026-06-30,1584967.49,1551198.44,-33769.04999999999,21,,Эсенбеков Кубат Элдияревич,0.0,1584967.49,2026-05-31,0.0,True,False,False
Эсенбеков Кубат Элдияревич,2026-07-01,2026-07-31,1551198.44,888244.43,-662954.01,21,,Эсенбеков Кубат Элдияревич,1.1641532182693481e-10,1551198.44,2026-06-30,0.0,True,False,False
Эсенбекова Айгуль Нурбекевна,2026-01-01,2026-01-31,0.0,519210.73,519210.73,11,,Эсенбекова Айгуль Нурбекевна,0.0,,,,False,False,False
Эсенбекова Айгуль Нурбекевна,2026-02-01,2026-02-28,519210.73,268087.13,-251123.6,3,,Эсенбекова Айгуль Нурбекевна,0.0,519210.73,2026-01-31,0.0,True,False,False
Эсенбекова Айгуль Нурбекевна,2026-03-01,2026-03-31,268087.13,38042.81,-230044.32,10,,Эсенбекова Айгуль Нурбекевна,0.0,268087.13,2026-02-28,0.0,True,False,False
Эсенбекова Айгуль Нурбекевна,2026-04-01,2026-04-30,38042.81,168239.26,130196.45000000001,5,,Эсенбекова Айгуль Нурбекевна,0.0,38042.81,2026-03-31,0.0,True,False,False
Эсенбекова Айгуль Нурбекевна,2026-05-01,2026-05-31,168239.26,-247517.98,-415757.24,13,,Эсенбекова Айгуль Нурбекевна,-2.9103830456733704e-11,168239.26,2026-04-30,0.0,True,False,False
Эсенбекова Айгуль Нурбекевна,2026-06-01,2026-06-30,-247517.98,-10487.26,237030.72,10,,Эсенбекова Айгуль Нурбекевна,9.094947017729282e-12,-247517.98,2026-05-31,0.0,True,False,False
Эсенбекова Айгуль Нурбекевна,2026-07-01,2026-07-31,-10487.26,-312903.7,-302416.44,10,,Эсенбекова Айгуль Нурбекевна,0.0,-10487.26,2026-06-30,0.0,True,False,False
